Agency,UZA_Name,UACE_Code,Report_Year,Mode_Name,Service_Type,UZA_Area(Sq Miles),UZA_Pop,Service_Area(Sq Miles),Service_Area_Pop,Time_Period,VRM,VRH,UPT
"King County, dba: King County Metro","Seattle--Tacoma, WA",80389,2024,Ferryboat,DO,982.52,3544011.0,2134.0,2347800.0,Annual Total,63622.0,6189.0,446838.0
"King County, dba: King County Metro","Seattle--Tacoma, WA",80389,2024,Bus,DO,982.52,3544011.0,2134.0,2347800.0,Annual Total,30848533.0,2984239.0,72304880.0
"King County, dba: King County Metro","Seattle--Tacoma, WA",80389,2024,Bus,PT,982.52,3544011.0,2134.0,2347800.0,Annual Total,1163529.0,94143.0,814412.0
"King County, dba: King County Metro","Seattle--Tacoma, WA",80389,2024,Streetcar Rail,DO,982.52,3544011.0,2134.0,2347800.0,Annual Total,174111.0,36694.0,1492360.0
"King County, dba: King County Metro","Seattle--Tacoma, WA",80389,2024,Trolleybus,DO,982.52,3544011.0,2134.0,2347800.0,Annual Total,2370600.0,357178.0,11025543.0
Spokane Transit Authority,"Spokane, WA",83764,2024,Bus,DO,171.67,447279.0,248.0,475470.0,Annual Total,7146245.0,524059.0,10166876.0
"Pierce County Transportation Benefit Area Authority, dba: Pierce Transit","Seattle--Tacoma, WA",80389,2024,Bus,DO,982.52,3544011.0,292.0,575963.0,Annual Total,4524583.0,403238.0,6774524.0
Confederated Tribes of the Colville Indian Reservation,Washington Non-UZA,53,2024,Ferryboat,DO,0.0,1895776.0,,,Annual Total,20706.0,5368.0,137731.0
Confederated Tribes of the Colville Indian Reservation,Washington Non-UZA,53,2024,Bus,DO,0.0,1895776.0,,,Annual Total,59845.0,1797.0,1958.0
"City of Everett, dba: Everett Transit","Seattle--Tacoma, WA",80389,2024,Bus,DO,982.52,3544011.0,34.0,111180.0,Annual Total,1274180.0,108748.0,1751902.0
"City of Yakima, dba: Yakima Transit","Yakima, WA",97507,2024,Commuter Bus,PT,55.77,133145.0,33.0,100716.0,Annual Total,144142.0,4535.0,34140.0
"City of Yakima, dba: Yakima Transit","Yakima, WA",97507,2024,Bus,DO,55.77,133145.0,33.0,100716.0,Annual Total,672452.0,46976.0,653426.0
Lane Transit District,"Eugene, OR",28117,2024,Bus,DO,73.49,270179.0,482.0,327173.0,Annual Total,2085152.0,165200.0,3513412.0
Lane Transit District,"Eugene, OR",28117,2024,Bus,PT,73.49,270179.0,482.0,327173.0,Annual Total,129301.0,5784.0,13865.0
Lane Transit District,"Eugene, OR",28117,2024,Bus Rapid Transit,DO,73.49,270179.0,482.0,327173.0,Annual Total,655089.0,57971.0,2786403.0
"Tri-County Metropolitan Transportation District of Oregon, dba: TriMet","Portland, OR--WA",71317,2024,Light Rail,DO,519.3,2104238.0,376.0,1512100.0,Annual Total,7395676.0,540351.0,23393585.0
"Tri-County Metropolitan Transportation District of Oregon, dba: TriMet","Portland, OR--WA",71317,2024,Bus,DO,519.3,2104238.0,376.0,1512100.0,Annual Total,20688446.0,1887545.0,40600671.0
"Tri-County Metropolitan Transportation District of Oregon, dba: TriMet","Portland, OR--WA",71317,2024,Hybrid Rail,PT,519.3,2104238.0,376.0,1512100.0,Annual Total,73967.0,3622.0,114987.0
"Klamath Tribes, dba: Quail Trail",Oregon Non-UZA,41,2024,Commuter Bus,DO,0.0,1553447.0,,,Annual Total,89936.0,3746.0,9469.0
Municipality of Anchorage,"Anchorage, AK",2305,2024,Bus,DO,91.69,249252.0,77.0,291247.0,Annual Total,2387861.0,184100.0,3044346.0
Sitka Tribe of Alaska,Alaska Non-UZA,2,2024,Bus,DO,0.0,359299.0,,,Annual Total,139825.0,9867.0,61391.0
"City of Longview, dba: RiverCities Transit","Longview, WA--OR",51283,2024,Bus,DO,35.19,69841.0,31.0,61598.0,Annual Total,364453.0,28670.0,271500.0
Ben Franklin Transit,"Kennewick--Richland--Pasco, WA",44479,2024,Bus,DO,112.21,255401.0,624.0,287689.0,Annual Total,3569623.0,223592.0,2786983.0
Intercity Transit,"Olympia--Lacey, WA",65242,2024,Commuter Bus,DO,106.21,208157.0,101.0,206183.0,Annual Total,372133.0,15752.0,155507.0
Intercity Transit,"Olympia--Lacey, WA",65242,2024,Bus,DO,106.21,208157.0,101.0,206183.0,Annual Total,3251046.0,236495.0,4087404.0
"Kitsap County Public Transportation Benefit Area Authority, dba: Kitsap Transit","Bremerton, WA",9946,2024,Ferryboat,DO,146.91,224449.0,396.0,254183.0,Annual Total,337427.0,18657.0,1229269.0
"Kitsap County Public Transportation Benefit Area Authority, dba: Kitsap Transit","Bremerton, WA",9946,2024,Bus,DO,146.91,224449.0,396.0,254183.0,Annual Total,2336300.0,123088.0,1655636.0
Whatcom Transportation Authority,"Bellingham, WA",6652,2024,Bus,DO,50.13,128979.0,776.0,237806.0,Annual Total,2151307.0,156754.0,3760005.0
"City of Pocatello, dba: Pocatello Regional Transit","Pocatello, ID",70426,2024,Bus,DO,27.46,72211.0,5460.0,175045.0,Annual Total,256241.0,17049.0,128019.0
"City of Seattle, dba: Seattle Center Monorail","Seattle--Tacoma, WA",80389,2024,Monorail/Automated Guideway,PT,982.52,3544011.0,83.0,753655.0,Annual Total,222498.0,21336.0,2160883.0
"Clark County Public Transportation Benefit Area Authority, dba: C-TRAN","Portland, OR--WA",71317,2024,Bus,DO,519.3,2104238.0,143.0,457472.0,Annual Total,4010328.0,286983.0,4657393.0
"Salem Area Mass Transit District, dba: Salem-Keizer Transit or Cherriots","Salem, OR",78229,2024,Bus,DO,72.68,268331.0,78.0,309881.0,Annual Total,2526908.0,206182.0,3228778.0
"Salem Area Mass Transit District, dba: Salem-Keizer Transit or Cherriots","Salem, OR",78229,2024,Bus,PT,72.68,268331.0,78.0,309881.0,Annual Total,522268.0,24220.0,106952.0
"County of Pierce, dba: Pierce County Ferry","Seattle--Tacoma, WA",80389,2024,Ferryboat,PT,982.52,3544011.0,233.0,925708.0,Annual Total,43216.0,5396.0,450636.0
"Snohomish County Public Transportation Benefit Area Corporation, dba: Community Transit","Seattle--Tacoma, WA",80389,2024,Commuter Bus,DO,982.52,3544011.0,257.0,920344.0,Annual Total,405825.0,18788.0,238373.0
"Snohomish County Public Transportation Benefit Area Corporation, dba: Community Transit","Seattle--Tacoma, WA",80389,2024,Commuter Bus,PT,982.52,3544011.0,257.0,920344.0,Annual Total,538257.0,23012.0,486155.0
"Snohomish County Public Transportation Benefit Area Corporation, dba: Community Transit","Seattle--Tacoma, WA",80389,2024,Bus,DO,982.52,3544011.0,257.0,920344.0,Annual Total,6956501.0,494750.0,7039896.0
"Snohomish County Public Transportation Benefit Area Corporation, dba: Community Transit","Seattle--Tacoma, WA",80389,2024,Bus,PT,982.52,3544011.0,257.0,920344.0,Annual Total,219321.0,10830.0,61472.0
Shoshone-Bannock Tribes,Idaho Non-UZA,16,2024,Bus,DO,0.0,836252.0,,,Annual Total,258228.0,12829.0,19923.0
"Senior Services of Snohomish County, dba: Homage Senior Services","Seattle--Tacoma, WA",80389,2024,Bus,DO,982.52,3544011.0,2087.0,827957.0,Annual Total,63023.0,2512.0,2099.0
Rogue Valley Transportation District,"Medford, OR",55981,2024,Bus,DO,63.02,171640.0,78.0,180555.0,Annual Total,1323617.0,92145.0,958995.0
Washington State Ferries,"Seattle--Tacoma, WA",80389,2024,Ferryboat,DO,982.52,3544011.0,1945.0,3919300.0,Annual Total,759247.0,108571.0,18859209.0
Makah Tribal Council,Washington Non-UZA,53,2024,Bus,DO,0.0,1895776.0,,,Annual Total,29942.0,2003.0,3152.0
"Central Puget Sound Regional Transit Authority, dba: Sound Transit","Seattle--Tacoma, WA",80389,2024,Commuter Bus,DO,982.52,3544011.0,1089.0,3385200.0,Annual Total,7687417.0,437106.0,7421304.0
"Central Puget Sound Regional Transit Authority, dba: Sound Transit","Seattle--Tacoma, WA",80389,2024,Commuter Bus,PT,982.52,3544011.0,1089.0,3385200.0,Annual Total,1399625.0,64464.0,1316619.0
"Central Puget Sound Regional Transit Authority, dba: Sound Transit","Seattle--Tacoma, WA",80389,2024,Commuter Rail,PT,982.52,3544011.0,1089.0,3385200.0,Annual Total,1708406.0,55945.0,1916429.0
"Central Puget Sound Regional Transit Authority, dba: Sound Transit","Seattle--Tacoma, WA",80389,2024,Light Rail,DO,982.52,3544011.0,1089.0,3385200.0,Annual Total,9178980.0,495687.0,29843190.0
"Central Puget Sound Regional Transit Authority, dba: Sound Transit","Seattle--Tacoma, WA",80389,2024,Bus,PT,982.52,3544011.0,1089.0,3385200.0,Annual Total,526780.0,26965.0,459544.0
"Central Puget Sound Regional Transit Authority, dba: Sound Transit","Seattle--Tacoma, WA",80389,2024,Streetcar Rail,DO,982.52,3544011.0,1089.0,3385200.0,Annual Total,201739.0,21614.0,992082.0
Alaska Railroad Corporation,"Anchorage, AK",2305,2024,Alaska Railroad,DO,91.69,249252.0,266.0,352701.0,Annual Total,1282149.0,48214.0,234699.0
"Chelan Douglas PTBA , dba: Link Transit","Wenatchee, WA",93862,2024,Bus,DO,32.6,78142.0,197.0,122915.0,Annual Total,2421453.0,121756.0,1233837.0
Skagit Transit,"Mount Vernon, WA",60490,2024,Commuter Bus,DO,30.66,66825.0,760.0,118568.0,Annual Total,607453.0,20127.0,144527.0
Skagit Transit,"Mount Vernon, WA",60490,2024,Bus,DO,30.66,66825.0,760.0,118568.0,Annual Total,1018565.0,69736.0,357057.0
"Fairbanks North Star Borough , dba: Metropolitan Area Commuter System","Fairbanks, AK",28549,2024,Bus,DO,74.3,71396.0,7338.0,95356.0,Annual Total,520078.0,31622.0,273346.0
"City of Wilsonville, dba: South Metro Area Regional Transit","Portland, OR--WA",71317,2024,Bus,DO,519.3,2104238.0,80.0,73800.0,Annual Total,489845.0,24289.0,182585.0
"City of Corvallis, dba: Corvallis Transit System","Corvallis, OR",20422,2024,Bus,PT,17.45,66791.0,14.0,67306.0,Annual Total,407089.0,39622.0,1020099.0
"City of Lewiston, dba: Lewiston Transit System","Lewiston, ID--WA",49312,2024,Bus,DO,27.93,54798.0,17.0,54798.0,Annual Total,102656.0,7332.0,38535.0
Asotin County Public Transportation Benefit Area,"Lewiston, ID--WA",49312,2024,Bus,DO,27.93,54798.0,20.0,22397.0,Annual Total,164704.0,10358.0,47147.0
"Coeur d'Alene Tribe, dba: Citylink Transit","Coeur d'Alene, ID",18451,2024,Bus,DO,46.76,121831.0,388.0,21188.0,Annual Total,594282.0,23709.0,190302.0
"Central Oregon Intergovernmental Council, dba: Cascades East Transit","Bend, OR",6868,2024,Bus,DO,42.41,106988.0,78.0,156297.0,Annual Total,577221.0,21767.0,253484.0
"Central Oregon Intergovernmental Council, dba: Cascades East Transit","Bend, OR",6868,2024,Bus,PT,42.41,106988.0,78.0,156297.0,Annual Total,333817.0,26214.0,284047.0
"City of Portland, dba: Portland Streetcar","Portland, OR--WA",71317,2024,Streetcar Rail,PT,519.3,2104238.0,11.0,101220.0,Annual Total,374391.0,64712.0,2860863.0
"City of Portland, dba: Portland Streetcar","Portland, OR--WA",71317,2024,Aerial Tramway,PT,519.3,2104238.0,11.0,101220.0,Annual Total,26979.0,2894.0,1240428.0
"Josephine County, dba: Josephine Community Transit","Grants Pass, OR",34516,2024,Commuter Bus,DO,30.42,55724.0,80.0,48000.0,Annual Total,261325.0,8516.0,29998.0
"Josephine County, dba: Josephine Community Transit","Grants Pass, OR",34516,2024,Bus,DO,30.42,55724.0,80.0,48000.0,Annual Total,182790.0,12263.0,96667.0
"City of Albany, dba: Albany Transit System, Linn-Benton Loop","Albany, OR",955,2024,Bus,DO,23.05,62074.0,36.0,123730.0,Annual Total,411066.0,21119.0,152402.0
City of Milton-Freewater,,,2024,Bus,PT,0.0,,,,Annual Total,19077.0,984.0,2402.0
Valley Transit,"Walla Walla, WA--OR",91405,2024,Bus,DO,23.86,50013.0,25.0,47390.0,Annual Total,335516.0,25710.0,459098.0
"Benton County, dba: Benton Area Transit","Corvallis, OR",20422,2024,Commuter Bus,PT,17.45,66791.0,675.0,96017.0,Annual Total,124728.0,4277.0,12276.0
"Gulkana Village Council, dba: Soaring Eagle Transit",Alaska Non-UZA,2,2024,Bus,DO,0.0,359299.0,,,Annual Total,100665.0,2699.0,1125.0
"Lummi Nation, dba: Lummi Transit",Washington Non-UZA,53,2024,Bus,DO,0.0,1895776.0,,,Annual Total,61187.0,5374.0,13546.0
"Squaxin Island Tribe, dba: Squaxin Island Transit",Washington Non-UZA,53,2024,Bus,DO,0.0,1895776.0,,,Annual Total,46138.0,3082.0,7945.0
"Confederated Tribes and Bands of The Yakama Nation, dba: Pahto Public Passage",Washington Non-UZA,53,2024,Bus,DO,0.0,1895776.0,0.0,0.0,Annual Total,184492.0,6382.0,17966.0
"Confederated Tribes of the Umatilla Indian Reservation, dba: Kayak Public Transit",Oregon Non-UZA,41,2024,Commuter Bus,DO,0.0,1553447.0,,,Annual Total,328960.0,9696.0,45757.0
"Confederated Tribes of the Umatilla Indian Reservation, dba: Kayak Public Transit",Oregon Non-UZA,41,2024,Bus,DO,0.0,1553447.0,,,Annual Total,156531.0,8333.0,34107.0
"Nez Perce Tribe, dba: Appaloosa Express",Idaho Non-UZA,16,2024,Bus,DO,0.0,836252.0,,,Annual Total,213805.0,7987.0,5831.0
"Seldovia Village Tribe, dba: Seldovia Bay Ferry",Alaska Non-UZA,2,2024,Ferryboat,DO,0.0,359299.0,,,Annual Total,6160.0,290.0,15071.0
"Spokane Tribe of Indians, dba: The Moccasin Express",Washington Non-UZA,53,2024,Bus,DO,0.0,1895776.0,,,Annual Total,346732.0,13682.0,20153.0
"Thurston Regional Planning Council, dba: ruralTRANSIT",,,2024,Bus,PT,0.0,,,,Annual Total,347923.0,12508.0,35347.0
Rural Resources Community Action,,,2024,Commuter Bus,DO,0.0,,,,Annual Total,59310.0,1990.0,5174.0
People for People Moses Lake,,,2024,Bus,DO,0.0,,,,Annual Total,287345.0,12639.0,10685.0
"City of Pullman, dba: Pullman Transit",,,2024,Bus,DO,0.0,,,,Annual Total,376183.0,26367.0,695887.0
"Tillamook County Transportation District, dba: The Wave",,,2024,Commuter Bus,DO,0.0,,,,Annual Total,214793.0,6417.0,12887.0
"Tillamook County Transportation District, dba: The Wave",,,2024,Bus,DO,0.0,,,,Annual Total,432728.0,17665.0,85545.0
People for People Yakima,"Yakima, WA",97507,2024,Commuter Bus,DO,55.77,133145.0,4295.0,256643.0,Annual Total,127890.0,4330.0,15072.0
People for People Yakima,"Yakima, WA",97507,2024,Bus,DO,55.77,133145.0,4295.0,256643.0,Annual Total,20351.0,1016.0,540.0
Island Transit,,,2024,Bus,DO,0.0,,,,Annual Total,1484880.0,53148.0,380766.0
"Klickitat County Senior Services, dba: Mount Adams Transportation Service",,,2024,Bus,DO,0.0,,,,Annual Total,126247.0,5628.0,12280.0
South Clackamas Transportation District,,,2024,Bus,PT,0.0,,,,Annual Total,293578.0,12793.0,27053.0
Clallam Transit System,,,2024,Bus,DO,0.0,,,,Annual Total,1206007.0,56645.0,803963.0
Coos County Area Transit,,,2024,Commuter Bus,DO,0.0,,,,Annual Total,125287.0,4653.0,7945.0
Coos County Area Transit,,,2024,Bus,DO,0.0,,,,Annual Total,154895.0,11855.0,54316.0
"Curry County Public Transit Service District, dba: Curry Public Transit Inc",,,2024,Bus,DO,0.0,,,,Annual Total,225368.0,7656.0,11184.0
"Grant County Transportation Authority, dba: Grant Transit Authority",,,2024,Bus,DO,0.0,,,,Annual Total,477600.0,25435.0,137795.0
"Lincoln County Transportation Service District, dba: Lincoln County Transit",,,2024,Commuter Bus,DO,0.0,,,,Annual Total,91619.0,3240.0,8133.0
"Lincoln County Transportation Service District, dba: Lincoln County Transit",,,2024,Bus,DO,0.0,,,,Annual Total,300714.0,20832.0,225878.0
Mountain Rides Transportation Authority,,,2024,Bus,DO,0.0,,,,Annual Total,582250.0,35741.0,654259.0
Hopesource,,,2024,Bus,DO,0.0,,,,Annual Total,337071.0,25797.0,124480.0
"Grant County Transportation District, dba: The People Mover",,,2024,Bus,DO,0.0,,,,Annual Total,182998.0,8124.0,11505.0
Grays Harbor Transit,,,2024,Bus,DO,0.0,,,,Annual Total,1295308.0,50535.0,891944.0
"Mason County Transportation Authority, dba: Mason Transit Authority",,,2024,Bus,DO,0.0,,,,Annual Total,623135.0,29744.0,481207.0
Jefferson Transit,,,2024,Bus,DO,0.0,,,,Annual Total,644665.0,23263.0,242342.0
"Hood River County Transportation District, dba: Columbia Area Transit",,,2024,Commuter Bus,DO,0.0,,,,Annual Total,367278.0,8018.0,51971.0
"Hood River County Transportation District, dba: Columbia Area Transit",,,2024,Bus,DO,0.0,,,,Annual Total,101815.0,6532.0,27460.0
"Yamhill County, dba: Yamhill County Transit",,,2024,Commuter Bus,PT,0.0,,,,Annual Total,385621.0,15916.0,114450.0
"Yamhill County, dba: Yamhill County Transit",,,2024,Bus,PT,0.0,,,,Annual Total,62116.0,5369.0,47056.0
Pacific Transit,,,2024,Bus,DO,0.0,,,,Annual Total,539920.0,25426.0,78957.0
Malheur Council on Aging and Community Services,,,2024,Commuter Bus,DO,0.0,,,,Annual Total,27426.0,965.0,717.0
Malheur Council on Aging and Community Services,,,2024,Bus,DO,0.0,,,,Annual Total,30066.0,2754.0,12382.0
Valley Transit,"Wasilla--Knik-Fairview--North Lakes, AK",92459,2024,Bus,DO,57.63,53444.0,25.0,53444.0,Annual Total,346920.0,11536.0,34480.0
City of Canby,"Portland, OR--WA",71317,2024,Bus,PT,519.3,2104238.0,23.0,37000.0,Annual Total,300819.0,10788.0,81875.0
Sunset Empire Transportation District,,,2024,Bus,DO,0.0,,,,Annual Total,171293.0,9553.0,66948.0
Okanogan County Transportation & Nutrition,,,2024,Bus,DO,0.0,,,,Annual Total,236378.0,8798.0,14387.0
Skamania County Senior Services,,,2024,Bus,DO,0.0,,,,Annual Total,152447.0,4930.0,10138.0
"Basin Transit Service, dba: Basin Transit Service Transportation District",,,2024,Bus,DO,0.0,,,,Annual Total,221490.0,14181.0,137674.0
Selkirks-Pend Oreille Transit Authority,,,2024,Bus,DO,0.0,,,,Annual Total,201307.0,12229.0,150933.0
"Community Connection of Northeast Oregon, dba: NEOTransit",,,2024,Commuter Bus,DO,0.0,,,,Annual Total,59803.0,2436.0,3049.0
"Community Connection of Northeast Oregon, dba: NEOTransit",,,2024,Bus,DO,0.0,,,,Annual Total,146125.0,11440.0,36833.0
Glacier Valley Transit,,,2024,Bus,PT,0.0,,,,Annual Total,79868.0,6201.0,73620.0
"Regional Public Transportation, Inc., dba: SMART Transit",,,2024,Bus,DO,0.0,,,,Annual Total,53468.0,5087.0,96016.0
"Senior Citizens of Sweet Home, Inc.",,,2024,Commuter Bus,DO,0.0,,,,Annual Total,266415.0,12913.0,47721.0
"Senior Citizens of Sweet Home, Inc.",,,2024,Bus,DO,0.0,,,,Annual Total,33896.0,3021.0,6065.0
"Ketchikan Gateway Borough, dba: The Bus",,,2024,Bus,DO,0.0,,,,Annual Total,300559.0,16872.0,470996.0
"City of Pendleton, dba: Let'Er Bus",,,2024,Bus,PT,0.0,,,,Annual Total,52944.0,5614.0,16765.0
"City of Woodburn, dba: Woodburn Transit System",,,2024,Bus,DO,0.0,,,,Annual Total,80506.0,5644.0,58605.0
"Clackamas County , dba: Mt Hood Express and #ClackCo Shuttles","Portland, OR--WA",71317,2024,Commuter Bus,PT,519.3,2104238.0,1871.0,421000.0,Annual Total,194656.0,6863.0,52007.0
"Clackamas County , dba: Mt Hood Express and #ClackCo Shuttles","Portland, OR--WA",71317,2024,Bus,PT,519.3,2104238.0,1871.0,421000.0,Annual Total,253151.0,13955.0,32383.0
Lewis County Transit,,,2024,Bus,DO,0.0,,,,Annual Total,660423.0,26954.0,219879.0
"Lower Columbia Community Action Council, dba: Lower Columbia CAP",,,2024,Commuter Bus,DO,0.0,,,,Annual Total,112723.0,3255.0,10859.0
"Wahkiakum County, dba: Wahkiakum on the Move",,,2024,Bus,DO,0.0,,,,Annual Total,138339.0,6055.0,9499.0
Treasure Valley Transit,"Nampa, ID",60976,2024,Bus,DO,65.86,177561.0,234.0,151487.0,Annual Total,367327.0,17277.0,73772.0
"Harney County, dba: Harney Hub Transit",,,2024,Bus,PT,0.0,,,,Annual Total,49323.0,3880.0,5397.0
"Columbia County, dba: Columbia County Rider Transportation",,,2024,Commuter Bus,DO,0.0,,,,Annual Total,30296.0,947.0,7417.0
"Ride Connection, Inc.","Portland, OR--WA",71317,2024,Bus,DO,519.3,2104238.0,1192.0,1415800.0,Annual Total,310951.0,24874.0,98020.0
"City of Lebanon, dba: Lebanon Interneighborhood Express",,,2024,Commuter Bus,DO,0.0,,,,Annual Total,18113.0,1088.0,2409.0
"City of Lebanon, dba: Lebanon Interneighborhood Express",,,2024,Bus,DO,0.0,,,,Annual Total,24110.0,2895.0,14585.0
Inter-Island Ferry Authority,,,2024,Ferryboat,DO,0.0,,,,Annual Total,25344.0,2112.0,48554.0
Special Mobility Services,,,2024,Bus,DO,0.0,,,,Annual Total,138607.0,5016.0,6147.0
"City of Bethel, dba: Bethel Transit System",,,2024,Bus,DO,0.0,,,,Annual Total,45045.0,5870.0,12014.0
City of Sandy,,,2024,Commuter Bus,PT,0.0,,,,Annual Total,287189.0,12386.0,70434.0
City of Sandy,,,2024,Bus,PT,0.0,,,,Annual Total,23530.0,1810.0,6999.0
"City and Borough of Juneau, dba: Capital Transit",,,2024,Bus,DO,0.0,,,,Annual Total,529576.0,38051.0,852070.0
Mid-Columbia Economic Development District,,,2024,Bus,DO,0.0,,,,Annual Total,132249.0,7811.0,17050.0
"Gwichyaa Zhee Tribal Transit Service, dba: Native Village of Fort Yukon",Alaska Non-UZA,2,2024,Bus,DO,0.0,359299.0,,,Annual Total,12020.0,1525.0,4310.0
Lower Elwha Klallam Tribe,Washington Non-UZA,53,2024,Bus,DO,0.0,1895776.0,,,Annual Total,15589.0,696.0,887.0
Shoshone County,,,2024,Bus,PT,0.0,,,,Annual Total,50032.0,2412.0,14583.0
"Okanogan County Transit Authority, dba: TranGO",,,2024,Bus,DO,0.0,,,,Annual Total,565862.0,19790.0,54779.0
Muckleshoot Indian Tribe,"Seattle--Tacoma, WA",80389,2024,Bus,DO,982.52,3544011.0,,,Annual Total,158092.0,12480.0,31957.0
"Morrow County, dba: Morrow County Loop",,,2024,Bus,DO,0.0,,,,Annual Total,40681.0,2309.0,277.0
"Ninilchik Village, dba: BUMPS (Basic Unified Multi Path Services)",Alaska Non-UZA,2,2024,Bus,DO,0.0,359299.0,,,Annual Total,36700.0,943.0,745.0
"Boise State University, dba: Bronco Shuttles","Boise City, ID",8785,2024,Bus,DO,139.23,433180.0,5.0,29260.0,Annual Total,142309.0,17957.0,160912.0
Umpqua Public Transportation District,,,2024,Commuter Bus,PT,0.0,,,,Annual Total,157857.0,5610.0,15319.0
Umpqua Public Transportation District,,,2024,Bus,PT,0.0,,,,Annual Total,288917.0,14591.0,87509.0
Craig Tribal Association,Alaska Non-UZA,2,2024,Bus,DO,0.0,359299.0,,,Annual Total,36659.0,1941.0,1543.0
"Lane Council of Governments, dba: Link Lane",,,2024,Bus,PT,0.0,,,,Annual Total,159497.0,5874.0,12506.0
"Rhode Island Public Transit Authority, dba: RIPTA","Providence, RI--MA",72505,2024,Bus,DO,544.25,1285806.0,1143.0,1048319.0,Annual Total,9005874.0,520143.0,12691566.0
Manchester Transit Authority,"Manchester, NH",53740,2024,Bus,DO,80.63,163289.0,235.0,248263.0,Annual Total,732198.0,56454.0,333915.0
Massachusetts Bay Transportation Authority,"Boston, MA--NH",9271,2024,Commuter Rail,PT,1655.89,4382009.0,664.0,2682227.0,Annual Total,25204170.0,893191.0,29186010.0
Massachusetts Bay Transportation Authority,"Boston, MA--NH",9271,2024,Ferryboat,PT,1655.89,4382009.0,664.0,2682227.0,Annual Total,286011.0,29425.0,1359001.0
Massachusetts Bay Transportation Authority,"Boston, MA--NH",9271,2024,Heavy Rail,DO,1655.89,4382009.0,664.0,2682227.0,Annual Total,17431213.0,1459546.0,84772414.0
Massachusetts Bay Transportation Authority,"Boston, MA--NH",9271,2024,Light Rail,DO,1655.89,4382009.0,664.0,2682227.0,Annual Total,5784593.0,632820.0,36668303.0
Massachusetts Bay Transportation Authority,"Boston, MA--NH",9271,2024,Bus,DO,1655.89,4382009.0,664.0,2682227.0,Annual Total,19213035.0,2010222.0,83942889.0
Massachusetts Bay Transportation Authority,"Boston, MA--NH",9271,2024,Bus,PT,1655.89,4382009.0,664.0,2682227.0,Annual Total,1475278.0,176394.0,4880001.0
Massachusetts Bay Transportation Authority,"Boston, MA--NH",9271,2024,Bus Rapid Transit,DO,1655.89,4382009.0,664.0,2682227.0,Annual Total,1338267.0,147962.0,9955393.0
Brockton Area Transit Authority,"Boston, MA--NH",9271,2024,Bus,PT,1655.89,4382009.0,86.0,255876.0,Annual Total,1275526.0,123929.0,2436217.0
"Lowell Regional Transit Authority, dba: LRTA","Boston, MA--NH",9271,2024,Bus,PT,1655.89,4382009.0,282.0,370594.0,Annual Total,956896.0,62656.0,839581.0
Southeastern Regional Transit Authority,"New Bedford, MA",61786,2024,Bus,PT,59.31,155491.0,289.0,308614.0,Annual Total,1569922.0,129145.0,2822012.0
Berkshire Regional Transit Authority,"Pittsfield, MA",69778,2024,Bus,PT,30.46,50720.0,384.0,127500.0,Annual Total,910323.0,48682.0,539225.0
Pioneer Valley Transit Authority,"Springfield, MA--CT",83926,2024,Bus,PT,201.77,442145.0,627.0,582689.0,Annual Total,4702371.0,311848.0,7830329.0
"Merrimack Valley Regional Transit Authority, dba: Merrimack Valley Transit","Boston, MA--NH",9271,2024,Bus,PT,1655.89,4382009.0,225.0,398382.0,Annual Total,1620409.0,148376.0,2848698.0
Worcester Regional Transit Authority,"Worcester, MA--CT",97291,2024,Bus,DO,260.29,482085.0,866.0,578732.0,Annual Total,2030245.0,165604.0,4565909.0
Lewiston-Auburn Transit Committee,"Lewiston, ME",49339,2024,Bus,PT,31.42,60743.0,19.0,46052.0,Annual Total,222660.0,20064.0,311535.0
"Greater Portland Transit District, dba: METRO","Portland, ME",71263,2024,Bus,DO,123.88,205356.0,71.0,109535.0,Annual Total,1450492.0,110754.0,1817135.0
Southeast Area Transit District,"Norwich--New London, CT",64135,2024,Bus,DO,116.72,167432.0,156.0,167885.0,Annual Total,1068120.0,68099.0,1011493.0
"Connecticut Department of Transportation - CTTransit New Britain -Dattco., dba: DATTCO","Hartford, CT",37243,2024,Commuter Bus,PT,535.93,977158.0,13.0,73941.0,Annual Total,829334.0,32764.0,141227.0
"Connecticut Department of Transportation - CTTransit New Britain -Dattco., dba: DATTCO","Hartford, CT",37243,2024,Bus,PT,535.93,977158.0,13.0,73941.0,Annual Total,185721.0,17270.0,150811.0
"Connecticut Department of Transportation - CTTRANSIT - Hartford Division, dba: CTTransit","Hartford, CT",37243,2024,Bus,DO,535.93,977158.0,664.0,851535.0,Annual Total,8699950.0,698782.0,11433409.0
"Connecticut Department of Transportation - CTTRANSIT - Hartford Division, dba: CTTransit","Hartford, CT",37243,2024,Bus Rapid Transit,DO,535.93,977158.0,664.0,851535.0,Annual Total,683334.0,41116.0,1224730.0
Greater Bridgeport Transit Authority,"Bridgeport--Stamford, CT--NY",10162,2024,Bus,DO,397.29,916408.0,102.0,362408.0,Annual Total,1850048.0,166725.0,4591507.0
"Housatonic Area Regional Transit , dba: HARTransit","Danbury, CT--NY",22096,2024,Bus,DO,118.49,171680.0,124.0,154855.0,Annual Total,927154.0,59362.0,519679.0
"Cape Ann Transportation Authority, dba: CATA","Boston, MA--NH",9271,2024,Bus,PT,1655.89,4382009.0,93.0,60184.0,Annual Total,236664.0,16074.0,147689.0
"Connecticut Department of Transportation - CTTRANSIT New Haven Division, dba: CTTransit","New Haven, CT",62407,2024,Bus,DO,298.01,561456.0,456.0,531314.0,Annual Total,4457762.0,400719.0,5988941.0
"Connecticut Department of Transportation - CTTRANSIT Stamford Division, dba: CTTransit","Bridgeport--Stamford, CT--NY",10162,2024,Bus,DO,397.29,916408.0,133.0,281327.0,Annual Total,1563316.0,146406.0,2766772.0
Norwalk Transit District,"Bridgeport--Stamford, CT--NY",10162,2024,Bus,DO,397.29,916408.0,45.0,118325.0,Annual Total,786687.0,72452.0,1190859.0
Montachusett Regional Transit Authority,"Leominster--Fitchburg, MA",49096,2024,Bus,PT,52.93,111790.0,624.0,231493.0,Annual Total,959387.0,55314.0,392738.0
Greater Attleboro-Taunton Regional Transit Authority,"Providence, RI--MA",72505,2024,Bus,PT,544.25,1285806.0,843.0,603790.0,Annual Total,1284331.0,64784.0,511493.0
Green Mountain Transit Authority,"Burlington, VT",11755,2024,Commuter Bus,DO,62.01,118032.0,2079.0,292211.0,Annual Total,527311.0,18601.0,108133.0
Green Mountain Transit Authority,"Burlington, VT",11755,2024,Bus,DO,62.01,118032.0,2079.0,292211.0,Annual Total,1393731.0,114612.0,2483607.0
Cooperative Alliance for Seacoast Transportation,"Dover--Rochester, NH--ME",24607,2024,Bus,DO,52.31,72391.0,368.0,167231.0,Annual Total,641515.0,38729.0,349143.0
"City of Nashua, dba: Nashua Transit System","Nashua, NH--MA",61165,2024,Bus,PT,195.56,242984.0,250.0,187804.0,Annual Total,427309.0,30181.0,361232.0
"Casco Bay Island Transit District, dba: Casco Bay Lines","Portland, ME",71263,2024,Ferryboat,DO,123.88,205356.0,111.0,68404.0,Annual Total,108178.0,19889.0,1090868.0
"City of Bangor, dba: Community Connector","Bangor, ME",4951,2024,Bus,DO,51.12,61539.0,29.0,55500.0,Annual Total,601709.0,43343.0,542703.0
"Western Maine Transportation Services, Inc.","Lewiston, ME",49339,2024,Commuter Bus,DO,31.42,60743.0,4315.0,228910.0,Annual Total,276382.0,11568.0,35572.0
"Western Maine Transportation Services, Inc.","Lewiston, ME",49339,2024,Bus,DO,31.42,60743.0,4315.0,228910.0,Annual Total,211343.0,19990.0,144203.0
Connecticut Department of Transportation,"Hartford, CT",37243,2024,Commuter Bus,PT,535.93,977158.0,171.0,448608.0,Annual Total,827146.0,35572.0,256605.0
Connecticut Department of Transportation,"Hartford, CT",37243,2024,Commuter Rail,PT,535.93,977158.0,171.0,448608.0,Annual Total,1193989.0,26234.0,151618.0
Cape Cod Regional Transit Authority,"Barnstable Town, MA",5167,2024,Bus,PT,341.28,303269.0,394.0,228996.0,Annual Total,1870979.0,100057.0,615389.0
Milford Transit District,"Bridgeport--Stamford, CT--NY",10162,2024,Bus,DO,397.29,916408.0,24.0,52759.0,Annual Total,286024.0,19385.0,241427.0
"City of South Portland, dba: City of South Portland Bus Service","Portland, ME",71263,2024,Bus,DO,123.88,205356.0,14.0,26840.0,Annual Total,207641.0,14894.0,214874.0
"Biddeford-Saco-Old Orchard Beach Transit Committee Shuttle Bus, dba: BSOOB Transit","Portland, ME",71263,2024,Bus,DO,123.88,205356.0,95.0,81400.0,Annual Total,507618.0,30462.0,266391.0
"Northern New England Passenger Rail Authority, dba: Amtrak Downeaster","Portland, ME",71263,2024,Commuter Rail,PT,123.88,205356.0,3706.0,1431087.0,Annual Total,2644790.0,75273.0,598426.0
MetroWest Regional Transit Authority,"Boston, MA--NH",9271,2024,Bus,PT,1655.89,4382009.0,438.0,355287.0,Annual Total,1127353.0,80671.0,403434.0
"University Of New Hampshire, dba: Wildcat Transit","Dover--Rochester, NH--ME",24607,2024,Bus,DO,52.31,72391.0,51.0,79000.0,Annual Total,289715.0,20141.0,658298.0
"Jalbert Leasing, Inc. , dba: C&J Bus Lines","Portsmouth, NH--ME",71506,2024,Commuter Bus,DO,114.35,95090.0,1151.0,2833139.0,Annual Total,2395114.0,85311.0,634012.0
"Connecticut Department of Transportation- CTTransit Waterbury- NET, dba: CTTransit","Waterbury, CT",92485,2024,Bus,DO,92.44,199317.0,116.0,238853.0,Annual Total,1335013.0,106355.0,1711558.0
"Connecticut Department of Transportation -CTTRANSIT New Britain , dba: CTTRANSIT","Hartford, CT",37243,2024,Bus,PT,535.93,977158.0,81.0,203562.0,Annual Total,1161033.0,82025.0,557304.0
Northwestern CT Transit District,,,2024,Bus,DO,0.0,,,,Annual Total,151106.0,11174.0,42234.0
"Boston Express Bus, Inc.","Boston, MA--NH",9271,2024,Commuter Bus,DO,1655.89,4382009.0,460.0,530013.0,Annual Total,939264.0,24402.0,312760.0
"Advance Transit, Inc. NH",,,2024,Bus,DO,0.0,,,,Annual Total,483379.0,36741.0,553754.0
"Advance Transit, Inc. NH",,,2024,Bus,DO,0.0,,,,Annual Total,147313.0,9239.0,83981.0
"Estuary Transit District, dba: River Valley Transit","Hartford, CT",37243,2024,Bus,DO,535.93,977158.0,439.0,164245.0,Annual Total,1095574.0,55353.0,253003.0
Tri-Valley Transit Inc,,,2024,Commuter Bus,DO,0.0,,,,Annual Total,525537.0,17488.0,54359.0
Tri-Valley Transit Inc,,,2024,Bus,DO,0.0,,,,Annual Total,316727.0,19771.0,89999.0
"Southeast Vermont Transit, Inc",,,2024,Commuter Bus,DO,0.0,,,,Annual Total,134708.0,3685.0,17146.0
"Southeast Vermont Transit, Inc",,,2024,Bus,DO,0.0,,,,Annual Total,664759.0,35541.0,373033.0
Martha's Vineyard Transit Authority,,,2024,Bus,PT,0.0,,,,Annual Total,1094578.0,67615.0,1038650.0
Rural Community Transportation,,,2024,Bus,DO,0.0,,,,Annual Total,283121.0,15759.0,64871.0
Windham Region Transit District,"Norwich--New London, CT",64135,2024,Commuter Bus,DO,116.72,167432.0,206.0,73078.0,Annual Total,199180.0,7799.0,16348.0
Windham Region Transit District,"Norwich--New London, CT",64135,2024,Bus,DO,116.72,167432.0,206.0,73078.0,Annual Total,417014.0,50695.0,1241046.0
Green Mountain Community Network,,,2024,Bus,DO,0.0,,,,Annual Total,241100.0,13908.0,111310.0
Town of Cranberry Isles,,,2024,Ferryboat,PT,0.0,,,,Annual Total,3384.0,455.0,3460.0
Marble Valley Regional Transit District,,,2024,Bus,DO,0.0,,,,Annual Total,685020.0,40997.0,556041.0
Kennebec Valley Community Action Program,,,2024,Bus,DO,0.0,,,,Annual Total,61471.0,8730.0,14539.0
Northeastern Connecticut Transit District,,,2024,Bus,DO,0.0,,,,Annual Total,167118.0,7876.0,23101.0
"VNA Home Healthcare, Hospice & Community Service",,,2024,Bus,DO,0.0,,,,Annual Total,54341.0,4032.0,19592.0
"Belknap-Merrimack CAP/Concord Area Transit, dba: Community Action Program Belknap-Merrimack Countie",,,2024,Bus,DO,0.0,,,,Annual Total,153519.0,10007.0,106350.0
Nantucket Regional Transit Authority,,,2024,Bus,PT,0.0,,,,Annual Total,322180.0,30182.0,282031.0
Isle au Haut Boat Services,,,2024,Ferryboat,DO,0.0,,,,Annual Total,14620.0,1571.0,22671.0
Waldo Community Action Partners,,,2024,Bus,DO,0.0,,,,Annual Total,37493.0,3414.0,8764.0
"Tri-County CAP, Inc./North Country Transit, dba: Tri County Community Action Program, Inc.",,,2024,Bus,DO,0.0,,,,Annual Total,71933.0,4583.0,13790.0
Franklin Regional Transit Authority,,,2024,Bus,PT,0.0,,,,Annual Total,428181.0,16989.0,133717.0
"Downeast Transportation, Inc. , dba: Downeast",,,2024,Commuter Bus,DO,0.0,,,,Annual Total,112803.0,3553.0,34546.0
"Downeast Transportation, Inc. , dba: Downeast",,,2024,Bus,DO,0.0,,,,Annual Total,436479.0,28410.0,466941.0
"West's Transportation, Inc. , dba: West's Bus Service",,,2024,Bus,DO,0.0,,,,Annual Total,34320.0,1820.0,2107.0
"Town of Bedford, dba: Bedford Local Transit","Boston, MA--NH",9271,2024,Bus,DO,1655.89,4382009.0,14.0,14383.0,Annual Total,10601.0,1513.0,3857.0
City of Beverly,"Boston, MA--NH",9271,2024,Bus,PT,1655.89,4382009.0,25.0,42312.0,Annual Total,45244.0,3139.0,14139.0
"Town of Lexington, dba: Lexpress","Boston, MA--NH",9271,2024,Bus,PT,1655.89,4382009.0,25.0,51875.0,Annual Total,129122.0,8892.0,35130.0
"Mission Hill Link, Inc., dba: Mission Hill Link","Boston, MA--NH",9271,2024,Bus,PT,1655.89,4382009.0,10.0,24237.0,Annual Total,10718.0,2259.0,6544.0
"Woods Hole, Martha's Vineyard and Nantucket Steamship Authority, dba: The Steamship Authority","Barnstable Town, MA",5167,2024,Ferryboat,DO,341.28,303269.0,2100.0,329344.0,Annual Total,355128.0,38001.0,2920002.0
"Woods Hole, Martha's Vineyard and Nantucket Steamship Authority, dba: The Steamship Authority","Barnstable Town, MA",5167,2024,Bus,DO,341.28,303269.0,2100.0,329344.0,Annual Total,329150.0,40253.0,901381.0
Rhode Island Department of Transportation,"Providence, RI--MA",72505,2024,Ferryboat,PT,544.25,1285806.0,10.0,78813.0,Annual Total,20469.0,1221.0,35592.0
Mashantucket Pequot Tribal Nation,Connecticut Non-UZA,9,2024,Bus,DO,0.0,671921.0,,,Annual Total,12233.0,1176.0,2188.0
"Southwestern Community Services Transportation, dba: Southwestern Community Services",,,2024,Bus,DO,0.0,,,,Annual Total,153246.0,2627.0,32462.0
"Peter Pan Bus Lines, dba: Peter Pan","Boston, MA--NH",9271,2024,Commuter Bus,DO,1655.89,4382009.0,2099.0,5047998.0,Annual Total,1050658.0,20102.0,12073.0
Maine Department of Transportation,,,2024,Ferryboat,DO,0.0,,,,Annual Total,138339.0,13242.0,459680.0
"Hyannis Harbor Tours, Inc. , dba: Hy-Line Cruises","Barnstable Town, MA",5167,2024,Ferryboat,DO,341.28,303269.0,394.0,210049.0,Annual Total,191630.0,10378.0,928922.0
Capital District Transportation Authority,"Albany--Schenectady, NY",970,2024,Commuter Bus,PT,271.3,593142.0,474.0,802663.0,Annual Total,268477.0,9133.0,100960.0
Capital District Transportation Authority,"Albany--Schenectady, NY",970,2024,Bus,DO,271.3,593142.0,474.0,802663.0,Annual Total,9237456.0,735609.0,15918164.0
"Broome County, dba: BC Transit","Binghamton, NY",7732,2024,Bus,DO,69.73,155942.0,706.0,198963.0,Annual Total,1171659.0,96006.0,1563102.0
"Niagara Frontier Transportation Authority, dba: NFTA - Metro Bus & Rail","Buffalo, NY",11350,2024,Light Rail,DO,340.5,948864.0,336.0,809275.0,Annual Total,679349.0,60529.0,2394940.0
"Niagara Frontier Transportation Authority, dba: NFTA - Metro Bus & Rail","Buffalo, NY",11350,2024,Bus,DO,340.5,948864.0,336.0,809275.0,Annual Total,7085315.0,651705.0,12866609.0
"Chemung County, dba: C TRAN","Elmira, NY",27118,2024,Bus,PT,31.7,62468.0,411.0,84148.0,Annual Total,641073.0,33410.0,394185.0
City of Long Beach,"New York--Jersey City--Newark, NY--NJ",63217,2024,Bus,DO,3248.12,19426449.0,13.0,33275.0,Annual Total,224133.0,23770.0,98088.0
MTA New York City Transit,"New York--Jersey City--Newark, NY--NJ",63217,2024,Commuter Bus,DO,3248.12,19426449.0,321.0,8258035.0,Annual Total,9638465.0,599809.0,9053935.0
MTA New York City Transit,"New York--Jersey City--Newark, NY--NJ",63217,2024,Heavy Rail,DO,3248.12,19426449.0,321.0,8258035.0,Annual Total,348953066.0,22030472.0,2207269846.0
MTA New York City Transit,"New York--Jersey City--Newark, NY--NJ",63217,2024,Bus,DO,3248.12,19426449.0,321.0,8258035.0,Annual Total,83110644.0,11831472.0,647859171.0
MTA New York City Transit,"New York--Jersey City--Newark, NY--NJ",63217,2024,Bus Rapid Transit,DO,3248.12,19426449.0,321.0,8258035.0,Annual Total,3015946.0,454726.0,35007720.0
"Dutchess County, dba: Dutchess County Public Transit","Poughkeepsie--Newburgh, NY",71803,2024,Bus,DO,209.92,314766.0,173.0,295911.0,Annual Total,1235039.0,79578.0,882563.0
"Central New York Regional Transportation Authority, dba: New York Regional Transportation Authority","Syracuse, NY",86302,2024,Bus,DO,180.53,413660.0,510.0,641357.0,Annual Total,4053523.0,339071.0,7095548.0
"Town of Huntington, dba: Huntington Area Rapid Transit","New York--Jersey City--Newark, NY--NJ",63217,2024,Bus,DO,3248.12,19426449.0,93.0,204127.0,Annual Total,374922.0,23294.0,46429.0
"Suffolk County , dba: Suffolk County Transit","New York--Jersey City--Newark, NY--NJ",63217,2024,Bus,PT,3248.12,19426449.0,911.0,1523170.0,Annual Total,8005113.0,507535.0,3293175.0
Port Authority Transit Corporation,"Philadelphia, PA--NJ--DE--MD",69076,2024,Heavy Rail,DO,1898.19,5696125.0,16.0,159726.0,Annual Total,4445206.0,148174.0,5643435.0
"Westchester County, dba: Westchester County - Bee Line","New York--Jersey City--Newark, NY--NJ",63217,2024,Bus,PT,3248.12,19426449.0,450.0,1004457.0,Annual Total,7623921.0,716782.0,24343996.0
"Metro-North Commuter Railroad Company, dba: MTA Metro-North Railroad","New York--Jersey City--Newark, NY--NJ",63217,2024,Commuter Rail,DO,3248.12,19426449.0,527.0,6503894.0,Annual Total,64017201.0,2038665.0,74064075.0
"Metro-North Commuter Railroad Company, dba: MTA Metro-North Railroad","New York--Jersey City--Newark, NY--NJ",63217,2024,Ferryboat,PT,3248.12,19426449.0,527.0,6503894.0,Annual Total,58181.0,4785.0,127115.0
"Metro-North Commuter Railroad Company, dba: MTA Metro-North Railroad","New York--Jersey City--Newark, NY--NJ",63217,2024,Bus,PT,3248.12,19426449.0,527.0,6503894.0,Annual Total,124272.0,28146.0,204608.0
New Jersey Transit Corporation,"New York--Jersey City--Newark, NY--NJ",63217,2024,Commuter Rail,DO,3248.12,19426449.0,5325.0,8464944.0,Annual Total,57811861.0,1800540.0,60447079.0
New Jersey Transit Corporation,"New York--Jersey City--Newark, NY--NJ",63217,2024,Light Rail,DO,3248.12,19426449.0,5325.0,8464944.0,Annual Total,524591.0,51582.0,4914883.0
New Jersey Transit Corporation,"New York--Jersey City--Newark, NY--NJ",63217,2024,Light Rail,PT,3248.12,19426449.0,5325.0,8464944.0,Annual Total,2139525.0,129722.0,14823161.0
New Jersey Transit Corporation,"New York--Jersey City--Newark, NY--NJ",63217,2024,Bus,DO,3248.12,19426449.0,5325.0,8464944.0,Annual Total,76254314.0,5512477.0,131950034.0
New Jersey Transit Corporation,"New York--Jersey City--Newark, NY--NJ",63217,2024,Bus,PT,3248.12,19426449.0,5325.0,8464944.0,Annual Total,5449151.0,457779.0,6894730.0
New Jersey Transit Corporation,"New York--Jersey City--Newark, NY--NJ",63217,2024,Hybrid Rail,PT,3248.12,19426449.0,5325.0,8464944.0,Annual Total,949875.0,38212.0,1858550.0
New York City Department of Transportation,"New York--Jersey City--Newark, NY--NJ",63217,2024,Ferryboat,DO,3248.12,19426449.0,372.0,8804190.0,Annual Total,207574.0,19961.0,16214706.0
County of Rockland,"New York--Jersey City--Newark, NY--NJ",63217,2024,Bus,PT,3248.12,19426449.0,174.0,348144.0,Annual Total,1942813.0,107399.0,1089106.0
"Town of Clarkstown , dba: Mini Trans","New York--Jersey City--Newark, NY--NJ",63217,2024,Bus,DO,3248.12,19426449.0,179.0,300173.0,Annual Total,204156.0,11238.0,63450.0
"Putnam County , dba: Putnam Area Rapid Transit","New York--Jersey City--Newark, NY--NJ",63217,2024,Bus,PT,3248.12,19426449.0,98.0,62901.0,Annual Total,428021.0,21419.0,94265.0
Port Authority Trans-Hudson Corporation,"New York--Jersey City--Newark, NY--NJ",63217,2024,Heavy Rail,DO,3248.12,19426449.0,226.0,3278376.0,Annual Total,12526893.0,1008774.0,62489580.0
"Staten Island Rapid Transit Operating Authority, dba:  MTA Staten Island Railway","New York--Jersey City--Newark, NY--NJ",63217,2024,Heavy Rail,DO,3248.12,19426449.0,59.0,490687.0,Annual Total,2644089.0,184561.0,5343041.0
MTA Long Island Rail Road,"New York--Jersey City--Newark, NY--NJ",63217,2024,Commuter Rail,DO,3248.12,19426449.0,2967.0,11170342.0,Annual Total,78229282.0,2600595.0,97220517.0
Regional Transit Service,"Rochester, NY",75664,2024,Bus,DO,291.83,704327.0,298.0,674800.0,Annual Total,4483047.0,406946.0,9763311.0
"Academy Lines, Inc., dba: Academy","New York--Jersey City--Newark, NY--NJ",63217,2024,Commuter Bus,DO,3248.12,19426449.0,468.0,1455245.0,Annual Total,2460422.0,78204.0,1119788.0
"Shortline Transit LLC, dba: Short Line","New York--Jersey City--Newark, NY--NJ",63217,2024,Commuter Bus,DO,3248.12,19426449.0,90.0,187257.0,Annual Total,4293693.0,96487.0,1929039.0
"Suburban Transit Lines LLC, dba: Suburban Transit","New York--Jersey City--Newark, NY--NJ",63217,2024,Commuter Bus,DO,3248.12,19426449.0,2898.0,5443000.0,Annual Total,1700795.0,123913.0,833216.0
Tompkins Consolidated Area Transit,"Ithaca, NY",41914,2024,Bus,DO,24.56,59102.0,152.0,105602.0,Annual Total,1082149.0,95191.0,2841779.0
Newburgh Beacon Bus Corporation,"Poughkeepsie--Newburgh, NY",71803,2024,Bus,DO,209.92,314766.0,132.0,249175.0,Annual Total,295390.0,23979.0,210297.0
"Rockland Coaches, Inc.","New York--Jersey City--Newark, NY--NJ",63217,2024,Commuter Bus,DO,3248.12,19426449.0,2898.0,1246231.0,Annual Total,909325.0,32003.0,446954.0
"Community Transit Lines, Inc. , dba: Community Transit","New York--Jersey City--Newark, NY--NJ",63217,2024,Commuter Bus,DO,3248.12,19426449.0,89.0,324278.0,Annual Total,461892.0,13251.0,155202.0
"Lakeland Bus Lines, Inc.","New York--Jersey City--Newark, NY--NJ",63217,2024,Commuter Bus,DO,3248.12,19426449.0,250.0,527906.0,Annual Total,1052455.0,70981.0,774656.0
"OBC Lines LLC, dba: OBC Lines","New York--Jersey City--Newark, NY--NJ",63217,2024,Commuter Bus,DO,3248.12,19426449.0,27.0,16953.0,Annual Total,428030.0,41505.0,455157.0
"Trans-Bridge Lines, Inc.","New York--Jersey City--Newark, NY--NJ",63217,2024,Commuter Bus,DO,3248.12,19426449.0,353.0,194009.0,Annual Total,1604043.0,35163.0,409786.0
Private Transportation Corporation,"New York--Jersey City--Newark, NY--NJ",63217,2024,Bus,PT,3248.12,19426449.0,71.0,2465326.0,Annual Total,100345.0,10455.0,208031.0
Kaser Bus Service,"New York--Jersey City--Newark, NY--NJ",63217,2024,Commuter Bus,PT,3248.12,19426449.0,75.0,4724.0,Annual Total,133828.0,3832.0,28269.0
"Adirondack Transit Lines, Inc., dba: Adirondack Trailways","New York--Jersey City--Newark, NY--NJ",63217,2024,Commuter Bus,DO,3248.12,19426449.0,10702.0,21962125.0,Annual Total,1312221.0,31108.0,356975.0
"Ulster County , dba: Ulster County Area Transit","Kingston, NY",45262,2024,Bus,DO,31.1,50254.0,350.0,175883.0,Annual Total,1026062.0,62638.0,534929.0
"Leprechaun Lines, Inc.","Poughkeepsie--Newburgh, NY",71803,2024,Commuter Bus,DO,209.92,314766.0,132.0,249175.0,Annual Total,369117.0,14958.0,16750.0
"Town of Monroe , dba: Monroe Dial A Bus","Kiryas Joel, NY",45443,2024,Bus,DO,28.75,71582.0,21.0,30486.0,Annual Total,23942.0,1939.0,6447.0
"Village of Kiryas Joel, dba: KJ Transit","Kiryas Joel, NY",45443,2024,Bus,DO,28.75,71582.0,2.0,41857.0,Annual Total,495962.0,45926.0,1287423.0
MTA Bus Company,"New York--Jersey City--Newark, NY--NJ",63217,2024,Bus,DO,3248.12,19426449.0,244.0,7706403.0,Annual Total,26142159.0,3372210.0,126616665.0
"Port Imperial Ferry Corporation, dba: NY Waterway","New York--Jersey City--Newark, NY--NJ",63217,2024,Ferryboat,DO,3248.12,19426449.0,776.0,3658455.0,Annual Total,554554.0,37690.0,4694357.0
"Port Imperial Ferry Corporation, dba: NY Waterway","New York--Jersey City--Newark, NY--NJ",63217,2024,Bus,DO,3248.12,19426449.0,776.0,3658455.0,Annual Total,421926.0,60695.0,1536407.0
Gloucester County,"Philadelphia, PA--NJ--DE--MD",69076,2024,Bus,PT,1898.19,5696125.0,322.0,302294.0,Annual Total,18169.0,2573.0,1292.0
County of Atlantic,"Atlantic City--Ocean City--Villas, NJ",3904,2024,Bus,PT,162.87,294921.0,556.0,274966.0,Annual Total,106183.0,4830.0,8068.0
South Jersey Transportation Authority,"Philadelphia, PA--NJ--DE--MD",69076,2024,Bus,DO,1898.19,5696125.0,222.0,508932.0,Annual Total,438151.0,30521.0,118419.0
County of Cumberland,"Vineland, NJ",90730,2024,Bus,DO,56.99,87226.0,678.0,154152.0,Annual Total,114158.0,7746.0,20297.0
"County of Nassau, dba: Nassau Inter County Express","New York--Jersey City--Newark, NY--NJ",63217,2024,Bus,PT,3248.12,19426449.0,285.0,1382283.0,Annual Total,8576333.0,821640.0,21787293.0
"County of Burlington, dba: BurLink","Philadelphia, PA--NJ--DE--MD",69076,2024,Bus,PT,1898.19,5696125.0,833.0,449772.0,Annual Total,288915.0,14223.0,36212.0
"Somerset County, dba: Somerset County Transportation","New York--Jersey City--Newark, NY--NJ",63217,2024,Bus,DO,3248.12,19426449.0,302.0,324194.0,Annual Total,325951.0,14190.0,100813.0
"County of Hunterdon, dba: HCLink","New York--Jersey City--Newark, NY--NJ",63217,2024,Bus,PT,3248.12,19426449.0,438.0,129777.0,Annual Total,307964.0,17478.0,84999.0
"City of Mechanicville, dba: Public Transportation System",,,2024,Bus,DO,0.0,,,,Annual Total,6709.0,1135.0,4239.0
"Town of Warwick , dba: Warwick Dial A Bus","Middletown, NY",56899,2024,Bus,DO,25.96,61516.0,101.0,32027.0,Annual Total,26141.0,2501.0,12578.0
"City of Watertown NY, dba: CitiBus","Watertown, NY",92674,2024,Bus,DO,31.99,51832.0,17.0,25290.0,Annual Total,112973.0,9252.0,81335.0
"Orange County, dba: Transit Orange","Poughkeepsie--Newburgh, NY",71803,2024,Bus,PT,209.92,314766.0,62.0,166160.0,Annual Total,81342.0,6456.0,65350.0
"Hampton Jitney, Inc.","New York--Jersey City--Newark, NY--NJ",63217,2024,Commuter Bus,DO,3248.12,19426449.0,1215.0,9908805.0,Annual Total,2538489.0,73687.0,543685.0
Broadway Bus Corporation,"New York--Jersey City--Newark, NY--NJ",63217,2024,Bus,DO,3248.12,19426449.0,7.0,100344.0,Annual Total,91837.0,13123.0,474997.0
Cape May Lewes Ferry,"Atlantic City--Ocean City--Villas, NJ",3904,2024,Ferryboat,DO,162.87,294921.0,1187.0,332641.0,Annual Total,72923.0,8372.0,746699.0
"SeaStreak, LLC","New York--Jersey City--Newark, NY--NJ",63217,2024,Ferryboat,DO,3248.12,19426449.0,776.0,3658455.0,Annual Total,230538.0,16048.0,1310972.0
Town of Wallkill,"Middletown, NY",56899,2024,Bus,DO,25.96,61516.0,62.0,30743.0,Annual Total,18345.0,1842.0,7665.0
"Lewis County, dba: Lewis County Public Transportation",,,2024,Bus,PT,0.0,,,,Annual Total,305542.0,9335.0,36165.0
"Schoharie County , dba: Schoharie County Public Transportation",,,2024,Commuter Bus,PT,0.0,,,,Annual Total,59280.0,1670.0,5640.0
"Schoharie County , dba: Schoharie County Public Transportation",,,2024,Bus,PT,0.0,,,,Annual Total,133966.0,6666.0,35297.0
"Warren County, dba: Warren County Transportation",,,2024,Bus,PT,0.0,,149.0,386046.0,Annual Total,200822.0,9276.0,65946.0
"Greene County, dba: Greene County Transit",,,2024,Bus,PT,0.0,,,,Annual Total,189577.0,8877.0,19709.0
"Essex County , dba: Essex County Public Transportation",,,2024,Bus,DO,0.0,,,,Annual Total,332056.0,15414.0,101466.0
Regional Transit Service,,,2024,Bus,DO,0.0,,,,Annual Total,161672.0,7270.0,29618.0
"Chenango County, dba: Chenango County Transit System",,,2024,Bus,PT,0.0,,,,Annual Total,249706.0,15035.0,18733.0
"Sullivan County , dba: Move Sullivan",,,2024,Bus,DO,0.0,,,,Annual Total,10854.0,425.0,700.0
"Sullivan County , dba: Move Sullivan",,,2024,Bus,PT,0.0,,,,Annual Total,302720.0,12360.0,129898.0
Regional Transit Service,,,2024,Bus,DO,0.0,,,,Annual Total,203056.0,11028.0,43709.0
"Clinton County, dba: Clinton County Public Transit",,,2024,Bus,DO,0.0,,,,Annual Total,343120.0,14307.0,84954.0
"Madison County, dba: Madison Transit System",,,2024,Bus,PT,0.0,,,,Annual Total,190791.0,8873.0,16995.0
"City of Corning, dba: Corning Erwin Area Transit System",,,2024,Bus,PT,0.0,,,,Annual Total,151675.0,11793.0,88348.0
"Oswego County, dba: Oswego Public Transportation",,,2024,Bus,PT,0.0,,,,Annual Total,331178.0,17430.0,34243.0
Schuyler County,,,2024,Bus,PT,0.0,,,,Annual Total,274017.0,12728.0,22168.0
"Steuben County, dba: Steuben County Transportation System",,,2024,Bus,PT,0.0,,,,Annual Total,158899.0,6280.0,43407.0
Regional Transit Service,,,2024,Bus,DO,0.0,,,,Annual Total,126541.0,10741.0,33311.0
"Sussex County, dba: Skylands Ride",,,2024,Bus,DO,0.0,,251.0,96304.0,Annual Total,252214.0,6528.0,7872.0
"Allegany County, dba: Access Allegany",,,2024,Bus,PT,0.0,,,,Annual Total,423603.0,14727.0,49258.0
"City of Hornell, dba: Hornell Area Transit",,,2024,Bus,DO,0.0,,,,Annual Total,94547.0,3064.0,15654.0
"County of Niagara, dba: Connect Niagara",,,2024,Bus,PT,0.0,,,,Annual Total,227894.0,7547.0,6740.0
"Cortland County, dba: Way to Go Cortland",,,2024,Bus,PT,0.0,,114.0,14827.0,Annual Total,298337.0,16732.0,85418.0
"Chautauqua County, dba: CHQ Transit",,,2024,Bus,DO,0.0,,142.0,50269.0,Annual Total,743348.0,50201.0,117973.0
"City of Oneonta, dba: Oneonta Public Transit",,,2024,Bus,DO,0.0,,,,Annual Total,386686.0,26783.0,408114.0
Regional Transit Service,,,2024,Bus,DO,0.0,,293.0,694394.0,Annual Total,324075.0,16794.0,69526.0
Regional Transit Service,,,2024,Bus,DO,0.0,,407.0,981771.0,Annual Total,531663.0,25099.0,151696.0
County of Rensselaer,,,2024,Commuter Bus,PT,0.0,,175.0,351997.0,Annual Total,45694.0,1805.0,3735.0
"City of Olean, dba: Olean Area Transit System",,,2024,Bus,DO,0.0,,1124.0,181670.0,Annual Total,170847.0,10988.0,63512.0
Regional Transit Service,,,2024,Bus,DO,0.0,,,,Annual Total,273164.0,13140.0,42617.0
"City of Gloversville , dba: Gloversville Transit System",,,2024,Bus,DO,0.0,,,,Annual Total,136044.0,7347.0,47165.0
Regional Transit Service,,,2024,Bus,DO,0.0,,,,Annual Total,547809.0,23855.0,101006.0
"St Lawrence County, dba: St Lawrence County Public Transit",,,2024,Bus,PT,0.0,,,,Annual Total,983022.0,40322.0,159407.0
"Franklin County , dba: Franklin County Public Transportation",,,2024,Commuter Bus,PT,0.0,,,,Annual Total,85335.0,1825.0,8009.0
"Franklin County , dba: Franklin County Public Transportation",,,2024,Bus,PT,0.0,,,,Annual Total,197952.0,6853.0,23427.0
"Otsego County, dba: Otsego Express",,,2024,Bus,PT,0.0,,,,Annual Total,197503.0,9114.0,25923.0
"Columbia County, dba: Columbia County Public Transportation",,,2024,Commuter Bus,PT,0.0,,,,Annual Total,85932.0,2313.0,7341.0
"Columbia County, dba: Columbia County Public Transportation",,,2024,Bus,PT,0.0,,,,Annual Total,62331.0,5362.0,33385.0
"Yates County, dba: Yates Transit Service",,,2024,Bus,PT,0.0,,,,Annual Total,188792.0,7767.0,27807.0
Seneca Nation of Indians,New York Non-UZA,36,2024,Bus,PT,0.0,3425270.0,,,Annual Total,270354.0,9493.0,22977.0
New York City Economic Development Corporation,"New York--Jersey City--Newark, NY--NJ",63217,2024,Ferryboat,PT,3248.12,19426449.0,13.0,576545.0,Annual Total,924789.0,87130.0,7116129.0
New York City Economic Development Corporation,"New York--Jersey City--Newark, NY--NJ",63217,2024,Bus,PT,3248.12,19426449.0,13.0,576545.0,Annual Total,118216.0,17585.0,88228.0
Kanawha Valley Regional Transportation Authority,"Charleston, WV",15481,2024,Bus,DO,92.92,140958.0,902.0,178281.0,Annual Total,1934436.0,104418.0,1035437.0
The Tri-State Transit Authority,"Huntington, WV--KY--OH",40753,2024,Bus,DO,128.87,200157.0,92.0,144339.0,Annual Total,875528.0,53768.0,691234.0
"Mid-Ohio Valley Transit Authority, dba: Easy Rider","Parkersburg, WV--OH",67672,2024,Bus,DO,39.9,62500.0,14.0,39979.0,Annual Total,451889.0,33920.0,312338.0
Greater Richmond Transit Company,"Richmond, VA",74746,2024,Bus,DO,512.35,1059150.0,367.0,636200.0,Annual Total,4874004.0,444294.0,8780975.0
Greater Richmond Transit Company,"Richmond, VA",74746,2024,Bus Rapid Transit,DO,512.35,1059150.0,367.0,636200.0,Annual Total,452621.0,49116.0,1786357.0
"Greater Roanoke Transit Company, dba: Valley Metro","Roanoke, VA",75421,2024,Bus,DO,125.5,217312.0,43.0,132259.0,Annual Total,1561291.0,95850.0,1308759.0
Greater Lynchburg Transit Company,"Lynchburg, VA",52201,2024,Bus,DO,91.6,125596.0,72.0,80846.0,Annual Total,1023896.0,67023.0,567981.0
"City of Petersburg , dba: Petersburg Area Transit","Richmond, VA",74746,2024,Bus,DO,512.35,1059150.0,7.0,72650.0,Annual Total,487740.0,37070.0,464461.0
Lehigh and Northampton Transportation Authority,"Allentown--Bethlehem, PA--NJ",1495,2024,Bus,DO,261.55,621703.0,324.0,533100.0,Annual Total,3704132.0,274029.0,3969090.0
Lehigh and Northampton Transportation Authority,"Allentown--Bethlehem, PA--NJ",1495,2024,Bus,PT,261.55,621703.0,324.0,533100.0,Annual Total,59921.0,2679.0,8549.0
"Altoona Metro Transit, dba: AMTRAN","Altoona, PA",1792,2024,Bus,DO,37.01,74426.0,25.0,69608.0,Annual Total,673888.0,49252.0,488266.0
"Cambria County Transit Authority, dba: CamTran","Johnstown, PA",43291,2024,Inclined Plane,DO,34.7,61521.0,688.0,133472.0,Annual Total,0.0,0.0,0.0
"Cambria County Transit Authority, dba: CamTran","Johnstown, PA",43291,2024,Bus,DO,34.7,61521.0,688.0,133472.0,Annual Total,1126471.0,80976.0,819203.0
"Erie Metropolitan Transit Authority, dba: the e","Erie, PA",27766,2024,Bus,DO,73.34,187820.0,77.0,189872.0,Annual Total,1792136.0,129999.0,1446210.0
Luzerne County Transportation Authority,"Scranton, PA",80227,2024,Bus,DO,162.16,366713.0,126.0,238954.0,Annual Total,1214520.0,88501.0,881753.0
Southeastern Pennsylvania Transportation Authority,"Philadelphia, PA--NJ--DE--MD",69076,2024,Commuter Rail,DO,1898.19,5696125.0,830.0,3511062.0,Annual Total,17657718.0,896821.0,22480414.0
Southeastern Pennsylvania Transportation Authority,"Philadelphia, PA--NJ--DE--MD",69076,2024,Heavy Rail,DO,1898.19,5696125.0,830.0,3511062.0,Annual Total,14833229.0,1119586.0,54877338.0
Southeastern Pennsylvania Transportation Authority,"Philadelphia, PA--NJ--DE--MD",69076,2024,Bus,DO,1898.19,5696125.0,830.0,3511062.0,Annual Total,37192222.0,3642992.0,105052346.0
Southeastern Pennsylvania Transportation Authority,"Philadelphia, PA--NJ--DE--MD",69076,2024,Bus,PT,1898.19,5696125.0,830.0,3511062.0,Annual Total,123775.0,7664.0,41187.0
Southeastern Pennsylvania Transportation Authority,"Philadelphia, PA--NJ--DE--MD",69076,2024,Streetcar Rail,DO,1898.19,5696125.0,830.0,3511062.0,Annual Total,2298122.0,264552.0,13512172.0
Southeastern Pennsylvania Transportation Authority,"Philadelphia, PA--NJ--DE--MD",69076,2024,Trolleybus,DO,1898.19,5696125.0,830.0,3511062.0,Annual Total,792003.0,94066.0,3840931.0
Pittsburgh Regional Transit,"Pittsburgh, PA",69697,2024,Inclined Plane,DO,906.64,1745039.0,775.0,1238090.0,Annual Total,17747.0,7594.0,263736.0
Pittsburgh Regional Transit,"Pittsburgh, PA",69697,2024,Light Rail,DO,906.64,1745039.0,775.0,1238090.0,Annual Total,1604584.0,120196.0,3397749.0
Pittsburgh Regional Transit,"Pittsburgh, PA",69697,2024,Bus,DO,906.64,1745039.0,775.0,1238090.0,Annual Total,18577977.0,1445846.0,33269678.0
Beaver County Transit Authority,"Pittsburgh, PA",69697,2024,Bus,DO,906.64,1745039.0,440.0,168215.0,Annual Total,588332.0,39527.0,423715.0
County of Lackawanna Transit System,"Scranton, PA",80227,2024,Bus,DO,162.16,366713.0,145.0,214437.0,Annual Total,920635.0,77784.0,724552.0
County of Lackawanna Transit System,"Scranton, PA",80227,2024,Bus,PT,162.16,366713.0,145.0,214437.0,Annual Total,198918.0,12476.0,35263.0
"Washington Metropolitan Area Transit Authority, dba: Washington Metro","Washington--Arlington, DC--VA--MD",92242,2024,Heavy Rail,DO,1294.51,5174759.0,1108.0,4645915.0,Annual Total,98625151.0,4283925.0,143537550.0
"Washington Metropolitan Area Transit Authority, dba: Washington Metro","Washington--Arlington, DC--VA--MD",92242,2024,Bus,DO,1294.51,5174759.0,1108.0,4645915.0,Annual Total,38580473.0,3860426.0,117539605.0
"Maryland Transit Administration, dba: MTA","Baltimore, MD",4843,2024,Commuter Bus,PT,654.93,2212038.0,2560.0,7811145.0,Annual Total,6005555.0,186006.0,1295225.0
"Maryland Transit Administration, dba: MTA","Baltimore, MD",4843,2024,Commuter Rail,PT,654.93,2212038.0,2560.0,7811145.0,Annual Total,6355423.0,168911.0,3836552.0
"Maryland Transit Administration, dba: MTA","Baltimore, MD",4843,2024,Heavy Rail,DO,654.93,2212038.0,2560.0,7811145.0,Annual Total,4590871.0,182912.0,3658312.0
"Maryland Transit Administration, dba: MTA","Baltimore, MD",4843,2024,Light Rail,DO,654.93,2212038.0,2560.0,7811145.0,Annual Total,2436045.0,185674.0,4471100.0
"Maryland Transit Administration, dba: MTA","Baltimore, MD",4843,2024,Bus,DO,654.93,2212038.0,2560.0,7811145.0,Annual Total,20207801.0,1762142.0,48038092.0
Ohio Valley Regional Transportation Authority,"Wheeling, WV--OH",94726,2024,Bus,DO,36.81,57695.0,27.0,57416.0,Annual Total,760159.0,54205.0,337763.0
"City of Charlottesville, dba: Charlottesville Area Transit","Charlottesville, VA",15724,2024,Bus,DO,36.87,104191.0,38.0,85755.0,Annual Total,849794.0,77776.0,1353061.0
"City of Annapolis, dba: Annapolis Transit","Baltimore, MD",4843,2024,Bus,DO,654.93,2212038.0,20.0,97649.0,Annual Total,445194.0,44383.0,324634.0
"Board of Commissioners of Allegany County Maryland, dba: Allegany County Transit",,,2024,Bus,DO,0.0,,,,Annual Total,193282.0,11434.0,93723.0
"Washington County , dba: Washington County Transit","Hagerstown, MD--WV--PA--VA",36190,2024,Bus,DO,120.77,197557.0,70.0,48220.0,Annual Total,373698.0,26893.0,382582.0
Westmoreland County Transit Authority,"Pittsburgh, PA",69697,2024,Bus,DO,906.64,1745039.0,1028.0,364663.0,Annual Total,961663.0,43758.0,205556.0
"JAUNT, Inc.","Charlottesville, VA",15724,2024,Commuter Bus,DO,36.87,104191.0,2719.0,283142.0,Annual Total,206976.0,9246.0,48122.0
"Montgomery County, Maryland, dba: Ride On","Washington--Arlington, DC--VA--MD",92242,2024,Bus,DO,1294.51,5174759.0,285.0,1062061.0,Annual Total,12911372.0,1009327.0,18422520.0
"City of Bristol Virginia, dba: Bristol Virginia Transit","Bristol, TN--VA",10351,2024,Bus,DO,68.69,70638.0,13.0,17219.0,Annual Total,86096.0,7335.0,41096.0
Centre Area Transportation Authority,"State College, PA",84493,2024,Bus,DO,25.92,83674.0,92.0,104135.0,Annual Total,1293732.0,115993.0,4888500.0
"Mercer County Regional Council of Governments, dba: Shenango Valley Shuttle Service /MCCT",Pennsylvania Non-UZA,42,2024,Bus,DO,0.0,4196634.0,173.0,96432.0,Annual Total,178379.0,16030.0,67561.0
Pennsylvania Department of Transportation,"Philadelphia, PA--NJ--DE--MD",69076,2024,Commuter Rail,PT,1898.19,5696125.0,2092.0,3554425.0,Annual Total,2040396.0,35969.0,634804.0
"City of Fairfax, dba: CUE Bus","Washington--Arlington, DC--VA--MD",92242,2024,Bus,DO,1294.51,5174759.0,6.0,22565.0,Annual Total,434414.0,34526.0,1002134.0
Mid Mon Valley Transit Authority,"Pittsburgh, PA",69697,2024,Bus,PT,906.64,1745039.0,94.0,92428.0,Annual Total,758272.0,47104.0,207138.0
"Fairfax County, VA, dba: Fairfax Connector Bus System","Washington--Arlington, DC--VA--MD",92242,2024,Bus,PT,1294.51,5174759.0,407.0,1172646.0,Annual Total,10820543.0,819203.0,8721363.0
"City of Danville , dba: Danville Transit",,,2024,Bus,DO,0.0,,,,Annual Total,261744.0,15865.0,201707.0
"Potomac and Rappahannock Transportation Commission, dba: OmniRide","Washington--Arlington, DC--VA--MD",92242,2024,Commuter Bus,PT,1294.51,5174759.0,348.0,482204.0,Annual Total,2096414.0,64982.0,916222.0
"Potomac and Rappahannock Transportation Commission, dba: OmniRide","Washington--Arlington, DC--VA--MD",92242,2024,Bus,PT,1294.51,5174759.0,348.0,482204.0,Annual Total,1525462.0,97112.0,1033949.0
"City of Alexandria , dba: DASH","Washington--Arlington, DC--VA--MD",92242,2024,Bus,DO,1294.51,5174759.0,16.0,159200.0,Annual Total,2659511.0,289459.0,5310995.0
"Frederick County, Maryland, dba: TransIt Services of Frederick","Frederick, MD",31519,2024,Bus,DO,80.29,176456.0,18.0,95628.0,Annual Total,739320.0,59007.0,790146.0
Virginia Railway Express,"Washington--Arlington, DC--VA--MD",92242,2024,Commuter Rail,PT,1294.51,5174759.0,730.0,2415555.0,Annual Total,2515782.0,80027.0,1589693.0
"Harford County Maryland, dba: Harford Transit LINK","Bel Air--Aberdeen, MD",6290,2024,Bus,DO,107.2,214647.0,527.0,263867.0,Annual Total,692252.0,38408.0,339906.0
Delaware Transit Corporation,"Philadelphia, PA--NJ--DE--MD",69076,2024,Bus,DO,1898.19,5696125.0,1948.0,1031890.0,Annual Total,7414829.0,440490.0,6596073.0
Delaware Transit Corporation,"Philadelphia, PA--NJ--DE--MD",69076,2024,Bus,PT,1898.19,5696125.0,1948.0,1031890.0,Annual Total,1667278.0,89707.0,775636.0
Williamsburg Area Transit Authority,"Williamsburg, VA",95411,2024,Bus,DO,69.87,89585.0,65.0,81100.0,Annual Total,986720.0,57554.0,1407288.0
"Borough of Pottstown, dba: Pottstown Area Rapid Transit","Philadelphia, PA--NJ--DE--MD",69076,2024,Bus,PT,1898.19,5696125.0,34.0,54000.0,Annual Total,293409.0,21845.0,123291.0
"City of Fredericksburg, dba: Fredericksburg Regional Transit","Fredericksburg, VA",31600,2024,Bus,DO,89.62,167679.0,242.0,113716.0,Annual Total,554895.0,38032.0,332441.0
"Arlington County, Virginia, dba: Arlington Transit","Washington--Arlington, DC--VA--MD",92242,2024,Bus,PT,1294.51,5174759.0,26.0,234200.0,Annual Total,1978498.0,193813.0,2406965.0
"Loudoun County, dba: Loudoun County Transit","Washington--Arlington, DC--VA--MD",92242,2024,Commuter Bus,PT,1294.51,5174759.0,516.0,420959.0,Annual Total,542307.0,18575.0,213973.0
"Loudoun County, dba: Loudoun County Transit","Washington--Arlington, DC--VA--MD",92242,2024,Bus,PT,1294.51,5174759.0,516.0,420959.0,Annual Total,2590794.0,128441.0,456746.0
"Transportation District Commission of Hampton Roads, dba: Hampton Roads Transit","Virginia Beach--Norfolk, VA",90892,2024,Ferryboat,PT,481.67,1451578.0,438.0,1150833.0,Annual Total,19006.0,6386.0,209064.0
"Transportation District Commission of Hampton Roads, dba: Hampton Roads Transit","Virginia Beach--Norfolk, VA",90892,2024,Light Rail,DO,481.67,1451578.0,438.0,1150833.0,Annual Total,349860.0,28746.0,867648.0
"Transportation District Commission of Hampton Roads, dba: Hampton Roads Transit","Virginia Beach--Norfolk, VA",90892,2024,Bus,DO,481.67,1451578.0,438.0,1150833.0,Annual Total,9427925.0,769031.0,7113918.0
"Prince George's County, Maryland, dba: Prince George's County Transit/TheBus","Washington--Arlington, DC--VA--MD",92242,2024,Bus,PT,1294.51,5174759.0,487.0,967201.0,Annual Total,3162887.0,252209.0,2246441.0
"County of Fayette, dba: Fayette Area Coordinated Transportation",Pennsylvania Non-UZA,42,2024,Bus,DO,0.0,4196634.0,812.0,136606.0,Annual Total,455004.0,25771.0,73273.0
"County Commissioners of Charles County, MD, dba: PGM VanGO","Waldorf, MD",91261,2024,Bus,PT,59.35,118601.0,458.0,170102.0,Annual Total,1352592.0,69149.0,568465.0
"Monongalia County Urban Mass Transit Authority, dba: Mountain Line Transit Authority","Morgantown, WV",59275,2024,Bus,DO,40.7,77620.0,293.0,105822.0,Annual Total,1582401.0,74598.0,647638.0
Eastern Panhandle Transit Authority,"Hagerstown, MD--WV--PA--VA",36190,2024,Bus,DO,120.77,197557.0,62.0,194123.0,Annual Total,356717.0,20728.0,147859.0
"Town of Blacksburg, dba: Blacksburg Transit","Blacksburg--Christiansburg, VA",8002,2024,Bus,DO,33.98,72400.0,36.0,71014.0,Annual Total,887486.0,86761.0,3764283.0
"The County Commissioners of Carroll County, Maryland, dba: Carroll Transit System","Frederick, MD",31519,2024,Bus,PT,80.29,176456.0,448.0,172891.0,Annual Total,190931.0,13689.0,24959.0
"City of Hazleton, dba: Hazleton Public Transit","Hazleton, PA",37945,2024,Bus,PT,19.02,50860.0,46.0,82286.0,Annual Total,385273.0,25643.0,134567.0
City of Harrisonburg,"Harrisonburg, VA",37162,2024,Bus,DO,31.1,73377.0,17.0,53375.0,Annual Total,567640.0,57551.0,1830883.0
"County of Lebanon Transit Authority, dba: Lebanon Transit","Lebanon, PA",48664,2024,Bus,DO,32.71,75485.0,362.0,146164.0,Annual Total,441537.0,25886.0,214654.0
"The Tri-County Council for the Lower Eastern Shore of Maryland, dba: Shore Transit","Salisbury, MD--DE",78364,2024,Bus,DO,48.39,78075.0,1031.0,181696.0,Annual Total,958265.0,38550.0,146696.0
"City of Winchester, dba: WinTran","Winchester, VA",96103,2024,Bus,DO,42.22,83377.0,9.0,28136.0,Annual Total,220998.0,14692.0,146310.0
"West Virginia University, dba: Personal Rapid Transit","Morgantown, WV",59275,2024,Monorail/Automated Guideway,DO,40.7,77620.0,12.0,60547.0,Annual Total,515899.0,107161.0,1565718.0
"Cecil County Government , dba: Cecil Transit","Philadelphia, PA--NJ--DE--MD",69076,2024,Bus,DO,1898.19,5696125.0,346.0,102383.0,Annual Total,311608.0,15666.0,59188.0
"St. Mary's County Government , dba: St. Mary's Transit System","Lexington Park--California--Chesapeake Ranch Estates, MD",49594,2024,Bus,DO,46.65,62352.0,41.0,48284.0,Annual Total,634320.0,26293.0,171573.0
"Washington County Transportation Authority, dba: Freedom Transit","Pittsburgh, PA",69697,2024,Bus,PT,906.64,1745039.0,861.0,209349.0,Annual Total,344070.0,19438.0,78789.0
"District Department of Transportation, dba: DC Circulator, DC Streetcar","Washington--Arlington, DC--VA--MD",92242,2024,Bus,PT,1294.51,5174759.0,24.0,317779.0,Annual Total,1336192.0,230489.0,1584670.0
"District Department of Transportation, dba: DC Circulator, DC Streetcar","Washington--Arlington, DC--VA--MD",92242,2024,Streetcar Rail,PT,1294.51,5174759.0,24.0,317779.0,Annual Total,128114.0,25600.0,836438.0
"Accomack-Northhampton Transportation District Comm, dba: STAR Transit",,,2024,Bus,DO,0.0,,,,Annual Total,486388.0,17889.0,97729.0
"New River Valley Senior Services, Inc., dba: Pulaski Area Transit",,,2024,Bus,DO,0.0,,,,Annual Total,195087.0,13993.0,26446.0
"Borough of Mt. Carmel, dba: Lower Anthracite Transportation System",,,2024,Bus,PT,0.0,,,,Annual Total,56598.0,5035.0,23001.0
Virginia Regional Transit,,,2024,Bus,DO,0.0,,144.0,153600.0,Annual Total,615938.0,37737.0,149352.0
Central West Virginia Transit Authority,,,2024,Bus,DO,0.0,,,,Annual Total,450123.0,33027.0,189433.0
City of Bluefield,,,2024,Bus,DO,0.0,,,,Annual Total,443078.0,25610.0,176060.0
"Randolph County Senior Center , dba: Country Roads Transit",,,2024,Bus,DO,0.0,,,,Annual Total,81217.0,7480.0,9324.0
"District Three Governmental Cooperative, dba: Mountain Lynx Transit","Bristol, TN--VA",10351,2024,Bus,DO,68.69,70638.0,2777.0,186722.0,Annual Total,208947.0,19248.0,107802.0
"Warren County Transit Authority, dba: Transit Authority of Warren County",,,2024,Bus,DO,0.0,,,,Annual Total,195748.0,10284.0,53408.0
Schuylkill Transportation System,,,2024,Bus,DO,0.0,,,,Annual Total,270344.0,15876.0,160716.0
Anne Arundel County,"Baltimore, MD",4843,2024,Bus,PT,654.93,2212038.0,398.0,603441.0,Annual Total,764194.0,56224.0,77249.0
Baltimore County Department of Public Works Transportation,"Baltimore, MD",4843,2024,Bus,DO,654.93,2212038.0,133.0,237644.0,Annual Total,52881.0,27819.0,79198.0
"Board of County Commissioners of Calvert County, Maryland, dba: Calvert County Public Transportation","Lexington Park--California--Chesapeake Ranch Estates, MD",49594,2024,Bus,DO,46.65,62352.0,154.0,94728.0,Annual Total,393016.0,16861.0,76182.0
Potomac Valley Transit Authority,,,2024,Bus,DO,0.0,,,,Annual Total,686352.0,51589.0,144930.0
"Monroe County Transportation  Authority, dba: Pocono Pony",,,2024,Bus,DO,0.0,,,,Annual Total,389014.0,23446.0,213161.0
"Barbour Co. Senior Center , dba: Here & There Transit",,,2024,Bus,DO,0.0,,,,Annual Total,22800.0,2080.0,7500.0
Mountain Transit Authority,,,2024,Bus,DO,0.0,,,,Annual Total,347246.0,12867.0,61774.0
"Butler Transit  Authority, dba: The Bus","Pittsburgh, PA",69697,2024,Commuter Bus,PT,906.64,1745039.0,53.0,4681.0,Annual Total,116811.0,4164.0,16730.0
"Butler Transit  Authority, dba: The Bus","Pittsburgh, PA",69697,2024,Bus,PT,906.64,1745039.0,53.0,4681.0,Annual Total,164848.0,14967.0,171625.0
"Town of Chincoteague, dba: Pony Express",,,2024,Bus,DO,0.0,,,,Annual Total,13470.0,1389.0,6243.0
Fairmont Marion County Transit Authority,,,2024,Bus,DO,0.0,,,,Annual Total,333739.0,21954.0,104411.0
New Castle Area Transit Authority,,,2024,Commuter Bus,DO,0.0,,60.0,80508.0,Annual Total,245565.0,7939.0,25402.0
New Castle Area Transit Authority,,,2024,Bus,DO,0.0,,60.0,80508.0,Annual Total,670547.0,45838.0,400769.0
Mayor and City Council Town of Ocean City,,,2024,Bus,DO,0.0,,,,Annual Total,440257.0,51411.0,1366720.0
"Town of Altavista, dba: Altavista Community Transit System",,,2024,Bus,DO,0.0,,,,Annual Total,50701.0,3004.0,15318.0
"Town of Bluefield, dba: Graham Transit",,,2024,Bus,DO,0.0,,,,Annual Total,126970.0,8168.0,33235.0
"Town of Farmville, dba: Farmville Area Bus",,,2024,Bus,DO,0.0,,,,Annual Total,149821.0,10358.0,92159.0
"Endless Mountains Transportation Authority, dba: BeST Transit",,,2024,Bus,DO,0.0,,668.0,296066.0,Annual Total,542606.0,23461.0,77629.0
"Bay Aging, dba: Bay Transit",,,2024,Bus,DO,0.0,,,,Annual Total,36974.0,3172.0,9998.0
"Appalachian Agency for Senior Citizens, dba: Four County Transit",,,2024,Bus,DO,0.0,,,,Annual Total,628850.0,30490.0,127934.0
"Indiana County Transit Authority, dba: IndiGO",,,2024,Bus,DO,0.0,,1433.0,537169.0,Annual Total,381405.0,26431.0,186983.0
"Unified Human Services Transportation Systems, Inc, dba: RADAR",,,2024,Bus,DO,0.0,,,,Annual Total,310645.0,18472.0,62335.0
Tri River Transit,,,2024,Bus,DO,0.0,,,,Annual Total,522241.0,20787.0,77121.0
"Town of Blackstone, dba: Blackstone Area Bus Service",,,2024,Bus,DO,0.0,,,,Annual Total,413556.0,15534.0,28882.0
Crawford Area Transportation Authority,,,2024,Bus,DO,0.0,,33.0,61634.0,Annual Total,426265.0,25365.0,200334.0
"Preston County Sr. Cit, Inc. , dba: Buckwheat Express",,,2024,Bus,DO,0.0,,,,Annual Total,90273.0,4568.0,8683.0
"Queen Anne's County, dba: County Ride","Baltimore, MD",4843,2024,Bus,DO,654.93,2212038.0,511.0,50380.0,Annual Total,206541.0,9767.0,15556.0
"Mid-County Transit Authority, dba: Town and Country Transit",,,2024,Bus,DO,0.0,,,,Annual Total,92658.0,6383.0,30676.0
Area Transportation Authority of North Central PA,,,2024,Bus,DO,0.0,,,,Annual Total,621043.0,43357.0,189670.0
"City of Suffolk, dba: Suffolk Transit","Virginia Beach--Norfolk, VA",90892,2024,Bus,PT,481.67,1451578.0,73.0,94324.0,Annual Total,441400.0,22455.0,75436.0
"New River Transit Authority, dba: New River Transit","Beckley, WV",6139,2024,Bus,PT,53.64,57468.0,624.0,87333.0,Annual Total,166592.0,13496.0,33520.0
"City of Radford, dba: Radford Transit","Blacksburg--Christiansburg, VA",8002,2024,Bus,PT,33.98,72400.0,10.0,18545.0,Annual Total,385542.0,31231.0,187536.0
"City of Baltimore, dba: Charm City Circulator","Baltimore, MD",4843,2024,Ferryboat,PT,654.93,2212038.0,81.0,585708.0,Annual Total,30959.0,10752.0,238639.0
"City of Baltimore, dba: Charm City Circulator","Baltimore, MD",4843,2024,Bus,PT,654.93,2212038.0,81.0,585708.0,Annual Total,400868.0,58523.0,1295360.0
South Central Transit Authority,"Lancaster--Manheim, PA",47530,2024,Bus,DO,181.53,394530.0,1800.0,949401.0,Annual Total,3246293.0,253965.0,3441344.0
"York County, dba: Yorktown Trolley","Virginia Beach--Norfolk, VA",90892,2024,Bus,DO,481.67,1451578.0,1.0,211.0,Annual Total,21450.0,2819.0,68264.0
"Transit Management of Central Maryland, Inc., dba: Regional Transportation Agency of Central Maryland","Baltimore, MD",4843,2024,Bus,DO,654.93,2212038.0,251.0,321113.0,Annual Total,1798850.0,111039.0,880663.0
"Susquehanna Regional Transportation Authority, dba: rabbittransit","Harrisburg, PA",37081,2024,Commuter Bus,DO,250.25,490859.0,5619.0,1544476.0,Annual Total,38573.0,1445.0,3346.0
"Susquehanna Regional Transportation Authority, dba: rabbittransit","Harrisburg, PA",37081,2024,Commuter Bus,PT,250.25,490859.0,5619.0,1544476.0,Annual Total,318899.0,9557.0,32803.0
"Susquehanna Regional Transportation Authority, dba: rabbittransit","Harrisburg, PA",37081,2024,Bus,DO,250.25,490859.0,5619.0,1544476.0,Annual Total,201144.0,14085.0,61372.0
"Susquehanna Regional Transportation Authority, dba: rabbittransit","Harrisburg, PA",37081,2024,Bus,PT,250.25,490859.0,5619.0,1544476.0,Annual Total,2687247.0,218391.0,2436830.0
"RIVER VALLEY TRANSIT AUTHORITY, dba: River Valley Transit","Williamsport, PA",95455,2024,Bus,DO,27.72,55344.0,92.0,67938.0,Annual Total,871090.0,52368.0,791679.0
"City of Weirton, dba: Weirton Transit","Steubenville--Weirton, OH--WV--PA",84859,2024,Bus,DO,46.34,64981.0,19.0,19163.0,Annual Total,135095.0,11989.0,32271.0
Delmarva Community Services Inc.,,,2024,Bus,DO,0.0,,,,Annual Total,709853.0,34946.0,135973.0
"Central Shenandoah Planning District Commission, dba: BRITE Bus","Staunton--Waynesboro, VA",84630,2024,Bus,PT,39.15,59065.0,25.0,51160.0,Annual Total,642477.0,31925.0,202763.0
"County of Greensville, dba: Greensville Emporia Transit",,,2024,Bus,DO,0.0,,,,Annual Total,54115.0,3078.0,11791.0
Chattanooga Area Regional Transportation Authority,"Chattanooga, TN--GA",15832,2024,Inclined Plane,DO,291.7,398569.0,289.0,187030.0,Annual Total,18623.0,5930.0,503648.0
Chattanooga Area Regional Transportation Authority,"Chattanooga, TN--GA",15832,2024,Bus,DO,291.7,398569.0,289.0,187030.0,Annual Total,2105302.0,166760.0,1252571.0
"City of Knoxville, dba: Knoxville Area Transit","Knoxville, TN",45640,2024,Bus,DO,431.91,597257.0,104.0,192648.0,Annual Total,2524246.0,199713.0,2735417.0
"City of Memphis, dba: Memphis Area Transit Authority","Memphis, TN--MS--AR",56116,2024,Bus,DO,491.27,1056190.0,254.0,627200.0,Annual Total,3453793.0,229752.0,2627188.0
"City of Memphis, dba: Memphis Area Transit Authority","Memphis, TN--MS--AR",56116,2024,Streetcar Rail,DO,491.27,1056190.0,254.0,627200.0,Annual Total,61860.0,13369.0,261692.0
"Metropolitan Transit Authority, dba: WeGo Public Transit","Nashville-Davidson, TN",61273,2024,Bus,DO,584.95,1158642.0,504.0,703953.0,Annual Total,6649784.0,541805.0,8491839.0
"City of Asheville, dba: ART (Asheville Rides Transit)","Asheville, NC",3358,2024,Bus,PT,248.58,285776.0,45.0,95053.0,Annual Total,1278231.0,103285.0,1607423.0
"Cape Fear Public Transportation Authority, dba: Wave Transit","Wilmington, NC",95833,2024,Bus,PT,142.25,255329.0,112.0,191698.0,Annual Total,1076989.0,75990.0,659875.0
"City of Raleigh, dba: GoRaleigh","Raleigh, NC",73261,2024,Bus,PT,554.82,1106646.0,125.0,474069.0,Annual Total,3740801.0,299444.0,4355570.0
City of Charlotte North Carolina,"Charlotte, NC--SC",15670,2024,Commuter Bus,PT,657.61,1379873.0,675.0,1329749.0,Annual Total,508876.0,22004.0,224477.0
City of Charlotte North Carolina,"Charlotte, NC--SC",15670,2024,Light Rail,DO,657.61,1379873.0,675.0,1329749.0,Annual Total,1596954.0,106646.0,5804651.0
City of Charlotte North Carolina,"Charlotte, NC--SC",15670,2024,Bus,PT,657.61,1379873.0,675.0,1329749.0,Annual Total,8608644.0,634533.0,8083605.0
City of Charlotte North Carolina,"Charlotte, NC--SC",15670,2024,Streetcar Rail,DO,657.61,1379873.0,675.0,1329749.0,Annual Total,99305.0,21890.0,561817.0
"City of Fayetteville, dba: Fayetteville Area System of Transit","Fayetteville, NC",29440,2024,Bus,DO,195.92,325008.0,95.0,164400.0,Annual Total,1216809.0,83132.0,1466680.0
"City of Gastonia, dba: Gastonia Transit","Gastonia, NC",32653,2024,Bus,DO,124.58,176897.0,45.0,82653.0,Annual Total,298608.0,20884.0,124413.0
"City of High Point, dba: High Point Transit System","High Point, NC",38809,2024,Bus,DO,100.79,167830.0,95.0,116065.0,Annual Total,390568.0,25045.0,518516.0
"City of Winston Salem, dba: Winston-Salem Transit Authority","Winston-Salem, NC",96670,2024,Bus,DO,310.79,420924.0,134.0,254987.0,Annual Total,1882885.0,145010.0,1615516.0
"Ms Coast Transportation Authority, dba: COAST TRANSIT AUTHORITY","Gulfport--Biloxi, MS",35920,2024,Bus,DO,168.64,236344.0,80.0,124940.0,Annual Total,786315.0,58458.0,663481.0
"City of Jackson, MS","Jackson, MS",42211,2024,Bus,PT,237.16,347693.0,61.0,143709.0,Annual Total,610051.0,42322.0,352523.0
"City of Ashland, dba: Ashland Bus System","Huntington, WV--KY--OH",40753,2024,Bus,DO,128.87,200157.0,17.0,23540.0,Annual Total,159958.0,12396.0,68417.0
"Lexington Transit Authority, dba: Lextran","Lexington-Fayette, KY",49582,2024,Bus,DO,83.99,315631.0,284.0,295803.0,Annual Total,1853214.0,194412.0,3990477.0
Transit Authority of River City,"Louisville/Jefferson County, KY--IN",51755,2024,Bus,DO,400.86,974397.0,269.0,715885.0,Annual Total,6607823.0,525170.0,6561028.0
Transit Authority of River City,"Louisville/Jefferson County, KY--IN",51755,2024,Bus,PT,400.86,974397.0,269.0,715885.0,Annual Total,21393.0,1904.0,5104.0
Transit Authority of Northern Kentucky,"Cincinnati, OH--KY",16885,2024,Bus,DO,752.28,1686744.0,267.0,369154.0,Annual Total,3054654.0,221177.0,2035146.0
"City of Owensboro, dba: Owensboro Transit Systems","Owensboro, KY",66484,2024,Bus,DO,36.4,76433.0,21.0,60011.0,Annual Total,421961.0,29806.0,256851.0
"City of Albany , dba: Albany Transit System","Albany, GA",901,2024,Bus,DO,66.51,85960.0,17.0,84844.0,Annual Total,388033.0,21453.0,309527.0
Metropolitan Atlanta Rapid Transit Authority,"Atlanta, GA",3817,2024,Heavy Rail,DO,2553.04,5100112.0,605.0,1742072.0,Annual Total,18883430.0,706474.0,31126899.0
Metropolitan Atlanta Rapid Transit Authority,"Atlanta, GA",3817,2024,Bus,DO,2553.04,5100112.0,605.0,1742072.0,Annual Total,23937854.0,1883378.0,33066907.0
Metropolitan Atlanta Rapid Transit Authority,"Atlanta, GA",3817,2024,Bus,PT,2553.04,5100112.0,605.0,1742072.0,Annual Total,52215.0,9781.0,350926.0
Metropolitan Atlanta Rapid Transit Authority,"Atlanta, GA",3817,2024,Streetcar Rail,DO,2553.04,5100112.0,605.0,1742072.0,Annual Total,53001.0,10706.0,283536.0
"Augusta Richmond County Transit Department, dba: Augusta Transit","Augusta-Richmond County, GA--SC",4222,2024,Bus,PT,273.29,431480.0,25.0,206303.0,Annual Total,540548.0,41755.0,417091.0
"Columbus Consolidated Government, dba: METRA","Columbus, GA--AL",19099,2024,Bus,DO,142.86,267746.0,132.0,230208.0,Annual Total,903849.0,63716.0,764706.0
Chatham Area Transit Authority,"Savannah, GA",79768,2024,Ferryboat,DO,205.85,309466.0,331.0,303655.0,Annual Total,12391.0,5789.0,613230.0
Chatham Area Transit Authority,"Savannah, GA",79768,2024,Bus,DO,205.85,309466.0,331.0,303655.0,Annual Total,1581442.0,105893.0,1936800.0
"Manatee County Board of County Commissioners, dba: Manatee County Area Transit","Bradenton--Sarasota--Venice, FL",9536,2024,Bus,DO,404.28,779075.0,743.0,439566.0,Annual Total,1417646.0,97097.0,2137255.0
Pinellas Suncoast Transit Authority,"Tampa--St. Petersburg, FL",86599,2024,Bus,DO,968.94,2783045.0,3840.0,4052996.0,Annual Total,8630717.0,613433.0,8594145.0
Pinellas Suncoast Transit Authority,"Tampa--St. Petersburg, FL",86599,2024,Bus,PT,968.94,2783045.0,3840.0,4052996.0,Annual Total,464198.0,40715.0,421837.0
Pinellas Suncoast Transit Authority,"Tampa--St. Petersburg, FL",86599,2024,Bus Rapid Transit,DO,968.94,2783045.0,3840.0,4052996.0,Annual Total,498135.0,37419.0,761145.0
"Lee County , dba: LeeTran","Cape Coral, FL",13510,2024,Bus,DO,331.8,599242.0,820.0,840698.0,Annual Total,2814609.0,179487.0,1826313.0
"Broward County Board of County Commissioners, dba: Broward County Transit Division","Miami--Fort Lauderdale, FL",56602,2024,Bus,DO,1244.18,6077522.0,410.0,2200561.0,Annual Total,14165895.0,1145438.0,24061962.0
"Broward County Board of County Commissioners, dba: Broward County Transit Division","Miami--Fort Lauderdale, FL",56602,2024,Bus,PT,1244.18,6077522.0,410.0,2200561.0,Annual Total,230120.0,16089.0,144829.0
"City of Gainesville, FL, dba: Regional Transit System","Gainesville, FL",32167,2024,Bus,DO,87.7,213748.0,106.0,199300.0,Annual Total,2919580.0,243170.0,5481555.0
"Lakeland Area Mass Transit District , dba: Citrus Connection","Lakeland, FL",46828,2024,Bus,DO,145.93,277915.0,1798.0,818330.0,Annual Total,1529536.0,98933.0,809949.0
"Lakeland Area Mass Transit District , dba: Citrus Connection","Lakeland, FL",46828,2024,Bus,PT,145.93,277915.0,1798.0,818330.0,Annual Total,568036.0,31911.0,64601.0
"County of Volusia, dba: VOTRAN","Daytona Beach--Palm Coast--Port Orange, FL",22612,2024,Bus,DO,212.36,402126.0,1207.0,590357.0,Annual Total,2668190.0,177598.0,2002856.0
County of Miami-Dade,"Miami--Fort Lauderdale, FL",56602,2024,Commuter Bus,PT,1244.18,6077522.0,306.0,2701767.0,Annual Total,1268990.0,39594.0,401124.0
County of Miami-Dade,"Miami--Fort Lauderdale, FL",56602,2024,Heavy Rail,DO,1244.18,6077522.0,306.0,2701767.0,Annual Total,7456012.0,341073.0,14515543.0
County of Miami-Dade,"Miami--Fort Lauderdale, FL",56602,2024,Bus,DO,1244.18,6077522.0,306.0,2701767.0,Annual Total,22516799.0,1842463.0,62327289.0
County of Miami-Dade,"Miami--Fort Lauderdale, FL",56602,2024,Bus,PT,1244.18,6077522.0,306.0,2701767.0,Annual Total,1693461.0,157021.0,1754170.0
County of Miami-Dade,"Miami--Fort Lauderdale, FL",56602,2024,Monorail/Automated Guideway,DO,1244.18,6077522.0,306.0,2701767.0,Annual Total,716196.0,70216.0,7316693.0
Central Florida Regional Transportation Authority,"Orlando, FL",65863,2024,Bus,DO,644.61,1853896.0,2864.0,2456081.0,Annual Total,15828647.0,1172804.0,18217346.0
Central Florida Regional Transportation Authority,"Orlando, FL",65863,2024,Bus Rapid Transit,DO,644.61,1853896.0,2864.0,2456081.0,Annual Total,196690.0,32614.0,416414.0
City of Tallahassee,"Tallahassee, FL",86464,2024,Bus,DO,125.46,252934.0,668.0,292198.0,Annual Total,1532062.0,143051.0,2320412.0
City of Tallahassee,"Tallahassee, FL",86464,2024,Bus,PT,125.46,252934.0,668.0,292198.0,Annual Total,33115.0,2506.0,15236.0
"Board of County Commissioners, Palm Beach County, dba: Palm Tran, Inc.","Miami--Fort Lauderdale, FL",56602,2024,Bus,DO,1244.18,6077522.0,1702.0,1492191.0,Annual Total,7425413.0,514564.0,8587166.0
"Escambia County Board of County Commissioners, FL, dba: Escambia County Area Transit","Pensacola, FL--AL",68482,2024,Bus,DO,262.54,390172.0,195.0,258153.0,Annual Total,1172443.0,86824.0,801840.0
Jacksonville Transportation Authority,"Jacksonville, FL",42346,2024,Commuter Bus,PT,573.27,1247374.0,1807.0,1285641.0,Annual Total,176757.0,7442.0,4759.0
Jacksonville Transportation Authority,"Jacksonville, FL",42346,2024,Ferryboat,PT,573.27,1247374.0,1807.0,1285641.0,Annual Total,10163.0,5105.0,424242.0
Jacksonville Transportation Authority,"Jacksonville, FL",42346,2024,Bus,DO,573.27,1247374.0,1807.0,1285641.0,Annual Total,7743086.0,577384.0,6311098.0
Jacksonville Transportation Authority,"Jacksonville, FL",42346,2024,Bus,PT,573.27,1247374.0,1807.0,1285641.0,Annual Total,198089.0,10828.0,20999.0
Jacksonville Transportation Authority,"Jacksonville, FL",42346,2024,Monorail/Automated Guideway,DO,573.27,1247374.0,1807.0,1285641.0,Annual Total,84759.0,7035.0,307328.0
Hillsborough Area Regional Transit Authority,"Tampa--St. Petersburg, FL",86599,2024,Bus,DO,968.94,2783045.0,418.0,1127178.0,Annual Total,6584155.0,528444.0,11308431.0
Hillsborough Area Regional Transit Authority,"Tampa--St. Petersburg, FL",86599,2024,Streetcar Rail,DO,968.94,2783045.0,418.0,1127178.0,Annual Total,128446.0,24778.0,1323715.0
Birmingham-Jefferson County Transit Authority,"Birmingham, AL",7786,2024,Bus,DO,509.27,774956.0,186.0,541852.0,Annual Total,1524914.0,124533.0,1500274.0
Birmingham-Jefferson County Transit Authority,"Birmingham, AL",7786,2024,Bus Rapid Transit,DO,509.27,774956.0,186.0,541852.0,Annual Total,223501.0,24293.0,389911.0
"City of Mobile, dba: THE WAVE TRANSIT SYSTEM","Mobile, AL",57925,2024,Bus,DO,220.75,321907.0,179.0,243800.0,Annual Total,1103790.0,80558.0,557236.0
"City of Montgomery, dba:  The M Transit","Montgomery, AL",58600,2024,Bus,DO,145.1,254348.0,135.0,205764.0,Annual Total,1230091.0,75434.0,475299.0
"Tuscaloosa County Parking and Transit Authority, dba: Tuscaloosa Transit Authority","Tuscaloosa, AL",89110,2024,Bus,DO,88.16,156450.0,171.0,136487.0,Annual Total,301867.0,29750.0,282456.0
"Sarasota County , dba: Breeze Transit","Bradenton--Sarasota--Venice, FL",9536,2024,Bus,DO,404.28,779075.0,596.0,541885.0,Annual Total,1998482.0,147307.0,1451943.0
"Sarasota County , dba: Breeze Transit","Bradenton--Sarasota--Venice, FL",9536,2024,Bus,PT,404.28,779075.0,596.0,541885.0,Annual Total,176037.0,11975.0,347603.0
"Athens-Clarke County Unified Government, dba: Athens-Clarke County Transit Department","Athens-Clarke County, GA",3763,2024,Bus,DO,91.85,143213.0,47.0,127358.0,Annual Total,785605.0,63314.0,1348475.0
"City of Gadsden, dba: Gadsden Transportation Services","Gadsden, AL",32113,2024,Bus,DO,61.21,57975.0,37.0,61709.0,Annual Total,115488.0,10425.0,72324.0
"Town of Chapel Hill, dba: Chapel Hill Transit","Durham, NC",25228,2024,Bus,DO,183.36,396118.0,62.0,80218.0,Annual Total,1701069.0,143061.0,3827284.0
"Greenville Transit Authority, dba: Greenlink","Greenville, SC",35461,2024,Bus,DO,262.17,387271.0,94.0,202390.0,Annual Total,927902.0,64214.0,762694.0
"City of Johnson City, dba: Johnson City Transit System","Johnson City, TN",43210,2024,Bus,DO,106.03,128519.0,44.0,73337.0,Annual Total,385092.0,27831.0,354042.0
"City of Bristol Tennessee, dba: Bristol Tennessee Transit System","Bristol, TN--VA",10351,2024,Bus,DO,68.69,70638.0,33.0,27854.0,Annual Total,99120.0,7453.0,33364.0
Pee Dee Regional Transportation Authority,"Florence, SC",30061,2024,Bus,DO,68.04,89436.0,3563.0,335620.0,Annual Total,1015210.0,54907.0,342022.0
Jackson Transit Authority,"Jackson, TN",42265,2024,Bus,DO,47.74,72809.0,59.0,68205.0,Annual Total,410282.0,25682.0,295983.0
City of Rome,"Rome, GA",76204,2024,Bus,DO,44.89,60403.0,32.0,37713.0,Annual Total,271310.0,17154.0,207233.0
"City of Hattiesburg, dba: Hub City Transit","Hattiesburg, MS",37594,2024,Bus,DO,63.62,80821.0,43.0,51084.0,Annual Total,296705.0,12951.0,47038.0
"Brevard Board of County Commissioners, dba: Space Coast Area Transit","Palm Bay--Melbourne, FL",67105,2024,Bus,DO,250.55,510675.0,1015.0,653703.0,Annual Total,2110179.0,109454.0,1811074.0
"East Alabama Regional Planning and Development Commission, dba: Areawide Community Transportation System","Anniston--Oxford, AL",2629,2024,Bus,PT,78.9,78302.0,3250.0,228376.0,Annual Total,182837.0,13316.0,83340.0
"City of Huntsville, Alabama, dba: Huntsville Transit","Huntsville, AL",40780,2024,Bus,DO,214.77,329066.0,68.0,143441.0,Annual Total,727573.0,49014.0,655705.0
"Lee-Russell Council of Governments, dba: Lee-Russell Public Transit and Phenix City Express","Auburn, AL",4033,2024,Bus,DO,61.16,100842.0,1248.0,233424.0,Annual Total,67611.0,4197.0,24121.0
"Pasco County Board of County Commissioners, dba: GoPasco","Tampa--St. Petersburg, FL",86599,2024,Bus,DO,968.94,2783045.0,747.0,584067.0,Annual Total,1448859.0,86799.0,654633.0
"South Florida Regional Transportation Authority, dba: Tri-Rail","Miami--Fort Lauderdale, FL",56602,2024,Commuter Rail,PT,1244.18,6077522.0,32.0,156313.0,Annual Total,3649278.0,129076.0,4299794.0
"South Florida Regional Transportation Authority, dba: Tri-Rail","Miami--Fort Lauderdale, FL",56602,2024,Bus,PT,1244.18,6077522.0,32.0,156313.0,Annual Total,131355.0,14771.0,434349.0
"Cobb County, dba: CobbLinc","Atlanta, GA",3817,2024,Commuter Bus,PT,2553.04,5100112.0,210.0,776743.0,Annual Total,159062.0,5745.0,21486.0
"Cobb County, dba: CobbLinc","Atlanta, GA",3817,2024,Bus,PT,2553.04,5100112.0,210.0,776743.0,Annual Total,3126415.0,211383.0,1019210.0
"City of Kingsport, dba: Kingsport Area Transit Service","Kingsport, TN--VA",45235,2024,Bus,DO,94.05,98411.0,54.0,55442.0,Annual Total,137085.0,9036.0,66562.0
City of Anderson,"Anderson--Clemson, SC",2420,2024,Bus,DO,95.94,118369.0,15.0,27293.0,Annual Total,321341.0,16728.0,231775.0
"County of Douglas, dba: Connect Douglas","Atlanta, GA",3817,2024,Bus,PT,2553.04,5100112.0,201.0,142224.0,Annual Total,435592.0,27582.0,59886.0
Metropolitan Bus Authority,"San Juan, PR",79093,2024,Bus,DO,763.6,1844410.0,198.0,1176968.0,Annual Total,2311841.0,267665.0,3010184.0
"City of Durham, dba: GoDurham","Durham, NC",25228,2024,Bus,PT,183.36,396118.0,93.0,283506.0,Annual Total,2754767.0,212110.0,6377416.0
"City of Clarksville, dba: Clarksville Transit System","Clarksville, TN--KY",17317,2024,Bus,DO,113.09,200947.0,105.0,135471.0,Annual Total,1023413.0,62711.0,506657.0
"City of Greensboro , dba: Greensboro Transit Agency","Greensboro, NC",35164,2024,Bus,PT,169.31,338928.0,139.0,301115.0,Annual Total,2463885.0,188654.0,2363573.0
"Alternativa de Transporte Integrado , dba: Autoridad de Transporte Integrado","San Juan, PR",79093,2024,Heavy Rail,PT,763.6,1844410.0,149.0,701366.0,Annual Total,1680283.0,91393.0,3309381.0
"Alternativa de Transporte Integrado , dba: Autoridad de Transporte Integrado","San Juan, PR",79093,2024,Bus,PT,763.6,1844410.0,149.0,701366.0,Annual Total,1053812.0,86816.0,1346463.0
"City of Greenville, dba:  Greenville Area Transit","Greenville, NC",35380,2024,Bus,DO,66.38,120150.0,35.0,84554.0,Annual Total,214376.0,14980.0,312062.0
"City of Rocky Mount, dba: Tar River Transit","Rocky Mount, NC",75988,2024,Bus,PT,44.95,63297.0,37.0,54341.0,Annual Total,317950.0,20647.0,200895.0
"Santee Wateree Regional Transportation Authority, dba: Santee Wateree RTA","Sumter, SC",85708,2024,Commuter Bus,DO,57.65,68825.0,4049.0,106512.0,Annual Total,56818.0,2083.0,4249.0
"Santee Wateree Regional Transportation Authority, dba: Santee Wateree RTA","Sumter, SC",85708,2024,Bus,DO,57.65,68825.0,4049.0,106512.0,Annual Total,243066.0,15254.0,59086.0
"City of Spartanburg South Carolina , dba: Spartanburg Area Regional Transportation System","Spartanburg, SC",83548,2024,Bus,DO,181.0,196943.0,40.0,37013.0,Annual Total,276265.0,21376.0,252043.0
"Waccamaw Regional Transportation Authority, dba: Coast RTA","Myrtle Beach--North Myrtle Beach, SC--NC",60895,2024,Bus,DO,218.94,298954.0,1244.0,406336.0,Annual Total,1367155.0,59672.0,540407.0
"Indian River County, dba: GoLine","Vero Beach--Sebastian, FL",90406,2024,Bus,PT,106.1,174292.0,223.0,167352.0,Annual Total,991267.0,53868.0,1357438.0
Puerto Rico Highway and Transportation Authority,"San Juan, PR",79093,2024,Publico,PT,763.6,1844410.0,892.0,2478905.0,Annual Total,3142858.0,294634.0,1851426.0
"Research Triangle Regional Public Transportation Authority, dba: GoTriangle","Durham, NC",25228,2024,Bus,DO,183.36,396118.0,1520.0,1924805.0,Annual Total,2178440.0,107789.0,1755915.0
"Research Triangle Regional Public Transportation Authority, dba: GoTriangle","Durham, NC",25228,2024,Bus,PT,183.36,396118.0,1520.0,1924805.0,Annual Total,153906.0,6789.0,43619.0
Charleston Area Regional Transportation Authority,"Charleston, SC",15508,2024,Commuter Bus,PT,339.06,684773.0,232.0,404900.0,Annual Total,141948.0,6593.0,63933.0
Charleston Area Regional Transportation Authority,"Charleston, SC",15508,2024,Bus,PT,339.06,684773.0,232.0,404900.0,Annual Total,2416032.0,189338.0,2223074.0
City of San Juan,"San Juan, PR",79093,2024,Bus,DO,763.6,1844410.0,77.0,320967.0,Annual Total,187450.0,20948.0,107687.0
Municipality of Aguada,"Aguadilla--Isabela--San Sebastián, PR",631,2024,Bus,DO,187.32,232573.0,10.0,38136.0,Annual Total,4697.0,1133.0,419.0
Municipality of Caguas,"San Juan, PR",79093,2024,Bus,DO,763.6,1844410.0,25.0,127244.0,Annual Total,170753.0,13640.0,41281.0
Municipality of Vega Baja,"San Juan, PR",79093,2024,Bus,DO,763.6,1844410.0,46.0,54414.0,Annual Total,89465.0,6593.0,46169.0
"City of Ocala, Florida, dba: SunTran","Ocala, FL",64567,2024,Bus,PT,125.03,182647.0,62.0,86589.0,Annual Total,503705.0,34395.0,237167.0
Municipality of Hormigueros,"Mayagüez, PR",55738,2024,Bus,DO,50.14,91583.0,11.0,15654.0,Annual Total,25283.0,2781.0,11147.0
Municipality of Cayey,"San Juan, PR",79093,2024,Bus,DO,763.6,1844410.0,40.0,48594.0,Annual Total,11123.0,1634.0,31771.0
Municipality of Gurabo,"San Juan, PR",79093,2024,Bus,DO,763.6,1844410.0,27.0,45369.0,Annual Total,28140.0,2404.0,7657.0
Municipality of Cidra,"San Juan, PR",79093,2024,Bus,DO,763.6,1844410.0,36.0,48761.0,Annual Total,16650.0,1480.0,19080.0
"Municipality of Carolina, dba: Gobierno Municipal Autonomo de Carolina","San Juan, PR",79093,2024,Bus,DO,763.6,1844410.0,4.0,176762.0,Annual Total,373804.0,36057.0,249846.0
"Municipality of Humacao, dba: Sistema de Transporte Colectivo de Humacao","San Juan, PR",79093,2024,Bus,DO,763.6,1844410.0,10.0,17603.0,Annual Total,5447.0,1018.0,7665.0
"Okaloosa County Board of County Commissioners, dba: EC RIDER","Navarre--Miramar Beach--Destin, FL",61372,2024,Bus,PT,119.62,226213.0,183.0,211668.0,Annual Total,381823.0,30045.0,57775.0
Macon-Bibb County Transit Authority,"Macon-Bibb County, GA",52822,2024,Bus,DO,99.27,140111.0,70.0,153691.0,Annual Total,896760.0,56468.0,640861.0
"Davidson County , dba: Davidson County Transportation","High Point, NC",38809,2024,Bus,DO,100.79,167830.0,500.0,167609.0,Annual Total,229115.0,12282.0,140724.0
Goldsboro-Wayne Transportation Authority,"Goldsboro, NC",33814,2024,Bus,DO,53.16,54456.0,35.0,36303.0,Annual Total,314899.0,20231.0,128398.0
Municipality of Bayamon,"San Juan, PR",79093,2024,Bus,DO,763.6,1844410.0,45.0,180835.0,Annual Total,99747.0,18481.0,132325.0
"Gwinnett County Board of Commissioners, dba: Ride Gwinnett","Atlanta, GA",3817,2024,Commuter Bus,PT,2553.04,5100112.0,220.0,935454.0,Annual Total,563855.0,20672.0,165926.0
"Gwinnett County Board of Commissioners, dba: Ride Gwinnett","Atlanta, GA",3817,2024,Bus,PT,2553.04,5100112.0,220.0,935454.0,Annual Total,2242500.0,135489.0,1156629.0
"Collier County, dba: Collier Area Transit","Bonita Springs--Estero, FL",8974,2024,Bus,PT,242.96,425675.0,1997.0,404310.0,Annual Total,1352831.0,72463.0,755143.0
"Central Midlands Regional Transportation Authority, dba: The COMET","Columbia, SC",18964,2024,Commuter Bus,PT,367.5,590407.0,298.0,361128.0,Annual Total,65699.0,3214.0,6888.0
"Central Midlands Regional Transportation Authority, dba: The COMET","Columbia, SC",18964,2024,Bus,PT,367.5,590407.0,298.0,361128.0,Annual Total,2348840.0,188703.0,1939968.0
"Town of Cary, dba: GoCary","Raleigh, NC",73261,2024,Bus,PT,554.82,1106646.0,59.0,180010.0,Annual Total,679751.0,50742.0,441708.0
"City of Gainesville, dba: Hall Area Transit","Gainesville, GA",32194,2024,Bus,DO,149.13,164365.0,425.0,203136.0,Annual Total,11078.0,1292.0,19454.0
"Municipality of Manati, dba: Municipio de Manati","San Juan, PR",79093,2024,Bus,DO,763.6,1844410.0,30.0,16053.0,Annual Total,35121.0,7360.0,29500.0
"Hernando County Board of County Commissioners, dba: TheBus","Spring Hill, FL",84024,2024,Bus,PT,127.25,169050.0,89.0,119384.0,Annual Total,561288.0,28874.0,147488.0
North Carolina State University,"Raleigh, NC",73261,2024,Bus,PT,554.82,1106646.0,9.0,46000.0,Annual Total,578776.0,66287.0,2671487.0
Municipality of Barceloneta,"Barceloneta--Florida--Bajadero, PR",5040,2024,Bus,DO,41.7,65070.0,19.0,24650.0,Annual Total,83888.0,9816.0,29555.0
Municipality of Hatillo,"Arecibo, PR",3034,2024,Bus,DO,75.49,123724.0,42.0,38486.0,Annual Total,1378.0,351.0,115.0
"St Johns County, Florida, dba: St Johns County Sunshine Bus Company","St. Augustine, FL",77230,2024,Bus,DO,57.78,91786.0,600.0,273425.0,Annual Total,665017.0,37118.0,95837.0
Lower Savannah COG,"Augusta-Richmond County, GA--SC",4222,2024,Bus,PT,273.29,431480.0,222.0,88300.0,Annual Total,141647.0,8022.0,21941.0
"Lake County Board of County Commissioners, dba: LakeXpress","Leesburg--Eustis--Tavares, FL",48799,2024,Bus,PT,86.09,151523.0,71.0,97497.0,Annual Total,632823.0,37453.0,222050.0
"Regional Transportation Authority, dba: WeGo Public Transit","Nashville-Davidson, TN",61273,2024,Commuter Bus,PT,584.95,1158642.0,750.0,1583115.0,Annual Total,313338.0,10431.0,68005.0
"Regional Transportation Authority, dba: WeGo Public Transit","Nashville-Davidson, TN",61273,2024,Commuter Rail,PT,584.95,1158642.0,750.0,1583115.0,Annual Total,195607.0,7276.0,108249.0
Municipality of Camuy,"Arecibo, PR",3034,2024,Bus,PT,75.49,123724.0,46.0,35159.0,Annual Total,283209.0,23951.0,36892.0
"Cherokee County Board of Commissioners, dba: Cherokee Area Transit Service (CATS)","Atlanta, GA",3817,2024,Bus,DO,2553.04,5100112.0,422.0,266620.0,Annual Total,15294.0,796.0,2429.0
"Franklin Transit Authority, dba: Franklin Transit","Nashville-Davidson, TN",61273,2024,Bus,PT,584.95,1158642.0,22.0,86895.0,Annual Total,229897.0,17981.0,56624.0
Municipality of Catano,"San Juan, PR",79093,2024,Bus,DO,763.6,1844410.0,5.0,27000.0,Annual Total,10028.0,1262.0,5796.0
Municipality of Fajardo,"Fajardo, PR",28981,2024,Bus,DO,34.36,68587.0,7.0,36993.0,Annual Total,6976.0,946.0,5249.0
Municipality of Juncos,"San Juan, PR",79093,2024,Bus,DO,763.6,1844410.0,27.0,38155.0,Annual Total,42962.0,1800.0,24498.0
"City of Jacksonville, dba: Jacksonville Transit","Jacksonville, NC",42400,2024,Bus,DO,75.65,111224.0,47.0,72447.0,Annual Total,432823.0,25272.0,90240.0
"City of Concord, dba: Concord Kannapolis Area Transit (Rider)","Concord, NC",19558,2024,Bus,PT,200.06,278612.0,78.0,145700.0,Annual Total,714016.0,40535.0,362318.0
"Southeast Tennessee Human Resource Agency, dba: Cleveland Urban Area Transit System Division","Cleveland, TN",17722,2024,Bus,DO,54.97,73918.0,24.0,66333.0,Annual Total,126077.0,9880.0,46230.0
"Western Piedmont Regional Transit Authority , dba: Greenway Public Transportation","Hickory, NC",38647,2024,Bus,DO,221.34,201511.0,1665.0,372155.0,Annual Total,268562.0,14654.0,59979.0
Piedmont Authority for Regional Transportation,"Greensboro, NC",35164,2024,Commuter Bus,PT,169.31,338928.0,2287.0,1664637.0,Annual Total,1523823.0,59800.0,268168.0
"Municipality of Yauco, dba: Sistema de Transporte Colectivo Yauco","Yauco, PR",97561,2024,Bus,DO,34.91,63885.0,54.0,37679.0,Annual Total,91286.0,8998.0,42939.0
Puerto Rico Maritime Transport Authority,"San Juan, PR",79093,2024,Ferryboat,PT,763.6,1844410.0,179.0,686461.0,Annual Total,206349.0,15021.0,1595365.0
"University of Georgia, dba: Transportation and Parking Services","Athens-Clarke County, GA",3763,2024,Bus,DO,91.85,143213.0,14.0,119648.0,Annual Total,535867.0,48950.0,2970119.0
Municipality of Toa Baja,"San Juan, PR",79093,2024,Bus,DO,763.6,1844410.0,30.0,75293.0,Annual Total,116247.0,9282.0,51863.0
Municipality of San Sebastian,"Aguadilla--Isabela--San Sebastián, PR",631,2024,Bus,DO,187.32,232573.0,71.0,38926.0,Annual Total,6667.0,894.0,2113.0
"City of Bowling Green, dba: GOBG Transit","Bowling Green, KY",9379,2024,Bus,PT,52.18,97814.0,15.0,72294.0,Annual Total,180310.0,14596.0,70633.0
"Bay County Transportation Planning Organization, dba: Bayway","Panama City--Panama City Beach, FL",67305,2024,Bus,PT,119.47,162060.0,758.0,190769.0,Annual Total,491084.0,40332.0,401229.0
"City of Murfreesboro, dba: Murfreesboro Transit","Murfreesboro, TN",60733,2024,Bus,DO,86.13,177313.0,62.0,152769.0,Annual Total,227633.0,21600.0,103292.0
"Government of the Virgin Islands, dba: Vitran","Virgin Islands, VI",78,2024,Bus,DO,134.0,87146.0,132.0,87146.0,Annual Total,303488.0,22641.0,192362.0
"East Tennessee Human Resource Agency, Inc.","Morristown, TN",59410,2024,Bus,DO,63.91,66539.0,6563.0,1176033.0,Annual Total,138150.0,10007.0,18815.0
Martin County,"Port St. Lucie, FL",71479,2024,Commuter Bus,PT,224.23,437745.0,65.0,159942.0,Annual Total,162077.0,6202.0,10001.0
Martin County,"Port St. Lucie, FL",71479,2024,Bus,PT,224.23,437745.0,65.0,159942.0,Annual Total,450804.0,24104.0,105471.0
"City of Hinesville, Georgia, dba: Liberty Transit","Hinesville, GA",39133,2024,Bus,PT,37.23,53107.0,37.0,53107.0,Annual Total,114540.0,10542.0,15444.0
Municipality of Mayaguez,"Mayagüez, PR",55738,2024,Bus,DO,50.14,91583.0,52.0,71264.0,Annual Total,113440.0,14366.0,26550.0
Municipality of Mayaguez,"Mayagüez, PR",55738,2024,Bus,PT,50.14,91583.0,52.0,71264.0,Annual Total,283084.0,30720.0,83413.0
Municipality of San Lorenzo,"San Juan, PR",79093,2024,Bus,DO,763.6,1844410.0,6.0,35000.0,Annual Total,75082.0,5249.0,40017.0
Municipality of Lares,Puerto Rico Non-UZA,72,2024,Bus,DO,0.0,463143.0,62.0,30753.0,Annual Total,9965.0,1594.0,4428.0
Municipality of Dorado,"San Juan, PR",79093,2024,Bus,PT,763.6,1844410.0,23.0,38165.0,Annual Total,136625.0,11176.0,63538.0
"Autonomous Municipality of Vega Alta, dba: Municipio Autonomo de Vega Alta","San Juan, PR",79093,2024,Bus,DO,763.6,1844410.0,28.0,35806.0,Annual Total,140969.0,13815.0,54592.0
Municipality of Guaynabo,"San Juan, PR",79093,2024,Bus,DO,763.6,1844410.0,28.0,89554.0,Annual Total,127126.0,21580.0,230331.0
"The County of Iredell, dba: Iredell County Area Transportation Services","Charlotte, NC--SC",15670,2024,Bus,DO,657.61,1379873.0,618.0,203546.0,Annual Total,155345.0,7295.0,63708.0
"Berkeley Charleston Dorchester RTMA, dba: TriCounty Link","Charleston, SC",15508,2024,Bus,DO,339.06,684773.0,2800.0,264203.0,Annual Total,636706.0,30389.0,60247.0
"City of Clemson, dba: Clemson Area Transit","Anderson--Clemson, SC",2420,2024,Bus,DO,95.94,118369.0,94.0,42791.0,Annual Total,489748.0,37723.0,857730.0
"Craven County, dba: Craven Area Rural Transit System",,,2024,Bus,DO,0.0,,,,Annual Total,85064.0,6944.0,15178.0
"City of La Grange, dba: Oldham's Public Bus",,,2024,Bus,DO,0.0,,,,Annual Total,32694.0,2904.0,8138.0
"Gaston County, dba:  ACCESS Transportation","Gastonia, NC",32653,2024,Bus,DO,124.58,176897.0,356.0,224529.0,Annual Total,45407.0,2040.0,156.0
"Buncombe County, dba: Mountain Mobility","Asheville, NC",3358,2024,Bus,PT,248.58,285776.0,657.0,275901.0,Annual Total,128847.0,7699.0,32936.0
"Mountain Projects, Inc., dba: Haywood Public Transit",,,2024,Bus,DO,0.0,,,,Annual Total,82492.0,5144.0,12395.0
"Henderson County, dba: Apple Country Public Transit","Asheville, NC",3358,2024,Bus,PT,248.58,285776.0,39.0,41922.0,Annual Total,156935.0,9064.0,73486.0
"Orange County , dba: Orange County Public Transit","Durham, NC",25228,2024,Bus,DO,183.36,396118.0,526.0,166493.0,Annual Total,104678.0,5950.0,7887.0
"Central Florida Commuter Rail, dba: SunRail","Orlando, FL",65863,2024,Commuter Rail,PT,644.61,1853896.0,110.0,320753.0,Annual Total,971095.0,35068.0,1136319.0
"City of Salisbury , dba: Salisbury Transit","Concord, NC",19558,2024,Bus,DO,200.06,278612.0,23.0,41645.0,Annual Total,131564.0,10358.0,105520.0
"Autonomous Municipality of Ponce, dba: SITRAS","Ponce, PR",70642,2024,Bus,DO,31.72,118345.0,40.0,79650.0,Annual Total,215146.0,24081.0,385167.0
City of Coconut Creek,"Miami--Fort Lauderdale, FL",56602,2024,Bus,DO,1244.18,6077522.0,12.0,61361.0,Annual Total,105010.0,8081.0,31801.0
"City of Deerfield Beach, dba: Deerfield Beach Express Community Shuttle","Miami--Fort Lauderdale, FL",56602,2024,Bus,DO,1244.18,6077522.0,16.0,86772.0,Annual Total,58421.0,4670.0,35614.0
City of Lighthouse Point,"Miami--Fort Lauderdale, FL",56602,2024,Bus,DO,1244.18,6077522.0,2.0,10587.0,Annual Total,19470.0,1603.0,5071.0
City of Miramar,"Miami--Fort Lauderdale, FL",56602,2024,Bus,DO,1244.18,6077522.0,30.0,141191.0,Annual Total,67007.0,3796.0,15889.0
"Town of Hillsboro Beach, dba: Hillsboro Community Shuttle","Miami--Fort Lauderdale, FL",56602,2024,Bus,PT,1244.18,6077522.0,2.0,2004.0,Annual Total,13818.0,1360.0,5143.0
"City of Hallandale Beach, dba: Hallandale Beach Minibus","Miami--Fort Lauderdale, FL",56602,2024,Bus,PT,1244.18,6077522.0,5.0,39500.0,Annual Total,211906.0,24759.0,184498.0
City of Lauderdale Lakes,"Miami--Fort Lauderdale, FL",56602,2024,Bus,PT,1244.18,6077522.0,4.0,36924.0,Annual Total,53389.0,5469.0,88114.0
City of Pembroke Pines,"Miami--Fort Lauderdale, FL",56602,2024,Bus,PT,1244.18,6077522.0,35.0,166611.0,Annual Total,225279.0,19516.0,157246.0
"City Of Burlington, dba: Link Transit","Burlington, NC",11728,2024,Bus,PT,92.02,145311.0,35.0,66223.0,Annual Total,316022.0,21942.0,153317.0
"City of Coral Springs, dba: Community Shuttle","Miami--Fort Lauderdale, FL",56602,2024,Bus,PT,1244.18,6077522.0,24.0,134394.0,Annual Total,87995.0,6523.0,49363.0
City of Lauderhill,"Miami--Fort Lauderdale, FL",56602,2024,Bus,PT,1244.18,6077522.0,9.0,70964.0,Annual Total,170528.0,18625.0,289672.0
"City of Margate, dba: Community Bus Svc and Margate Inner-City Transit","Miami--Fort Lauderdale, FL",56602,2024,Bus,PT,1244.18,6077522.0,9.0,59100.0,Annual Total,109679.0,7138.0,76287.0
"City of Pompano Beach, dba: Community Shuttle Program","Miami--Fort Lauderdale, FL",56602,2024,Bus,PT,1244.18,6077522.0,25.0,111954.0,Annual Total,94859.0,7486.0,80823.0
"City of Dania Beach, dba: Community Bus Service","Miami--Fort Lauderdale, FL",56602,2024,Bus,PT,1244.18,6077522.0,8.0,36839.0,Annual Total,66364.0,5496.0,29501.0
Town of Davie,"Miami--Fort Lauderdale, FL",56602,2024,Bus,PT,1244.18,6077522.0,36.0,105691.0,Annual Total,219467.0,14847.0,51709.0
Municipality of Añasco,"Aguadilla--Isabela--San Sebastián, PR",631,2024,Bus,DO,187.32,232573.0,39.0,26161.0,Annual Total,47716.0,5598.0,9543.0
"City of Rock Hill, dba: My Ride","Rock Hill, SC",75745,2024,Bus,DO,145.15,218443.0,135.0,227942.0,Annual Total,190599.0,13872.0,292237.0
"City of North Lauderdale, dba: City of North Lauderdale Community Shuttle","Miami--Fort Lauderdale, FL",56602,2024,Bus,PT,1244.18,6077522.0,5.0,44784.0,Annual Total,64021.0,6347.0,28432.0
"Town of Apex, dba: GoApex","Raleigh, NC",73261,2024,Bus,PT,554.82,1106646.0,11.0,33463.0,Annual Total,69276.0,4826.0,16225.0
Municipality of Cabo Rojo,"San Germán--Cabo Rojo--Sabana Grande, PR",78985,2024,Bus,PT,70.59,97241.0,12.0,21613.0,Annual Total,47011.0,4452.0,6179.0
Municipality of Canovanas,"San Juan, PR",79093,2024,Bus,DO,763.6,1844410.0,73.0,40000.0,Annual Total,85324.0,6415.0,24054.0
Municipality of Corozal,"San Juan, PR",79093,2024,Bus,DO,763.6,1844410.0,3.0,34459.0,Annual Total,8908.0,1338.0,7999.0
Wilkes Transportation Authority,,,2024,Bus,DO,0.0,,,,Annual Total,25114.0,1901.0,3592.0
Ride Solution,,,2024,Bus,DO,0.0,,137.0,503506.0,Annual Total,124442.0,7887.0,12636.0
Rockingham County Council on Aging,,,2024,Bus,DO,0.0,,,,Annual Total,164363.0,6615.0,26127.0
Bluegrass Community Action Agency,,,2024,Bus,DO,0.0,,,,Annual Total,284624.0,30891.0,72427.0
Williamsburg County,,,2024,Commuter Bus,DO,0.0,,,,Annual Total,175901.0,14680.0,39454.0
"Pennyrile Allied Community Services, Inc.",,,2024,Bus,DO,0.0,,,,Annual Total,123628.0,8974.0,24426.0
"South Central Tennessee Development District, dba: South Central Area Transit Service","Spring Hill, TN",84088,2024,Bus,DO,23.31,60309.0,6415.0,417789.0,Annual Total,225504.0,11664.0,48948.0
Municipality of Orocovis,"San Juan, PR",79093,2024,Bus,DO,763.6,1844410.0,64.0,20608.0,Annual Total,11909.0,1251.0,5973.0
Upper-Cumberland Human Resource Agency,,,2024,Bus,DO,0.0,,,,Annual Total,548577.0,34993.0,120677.0
"KY River Foothills Development Council, Inc.",,,2024,Bus,DO,0.0,,,,Annual Total,145178.0,20098.0,67482.0
Rutherford County,,,2024,Bus,DO,0.0,,,,Annual Total,61785.0,4347.0,22092.0
Southeast Tennessee Human Resource Agency-Rural Division,,,2024,Bus,DO,0.0,,,,Annual Total,27844.0,2068.0,3238.0
Municipality of Utuado,,,2024,Bus,DO,0.0,,,,Annual Total,9715.0,1381.0,2228.0
"Sumter County Board of County Commissioners, dba: Sumter County Transit","The Villages--Lady Lake, FL",87285,2024,Bus,PT,98.52,161736.0,557.0,156746.0,Annual Total,31009.0,2180.0,4843.0
Fairfield County Transit System,,,2024,Bus,DO,0.0,,,,Annual Total,42334.0,3523.0,12601.0
Person County,,,2024,Bus,DO,0.0,,,,Annual Total,31879.0,2247.0,6531.0
"Paducah Transit Authority, dba: Paducah Area Transit System","Paducah, KY--IL",66781,2024,Bus,DO,41.41,50833.0,1475.0,50082.0,Annual Total,196305.0,14632.0,158171.0
Scotland County,,,2024,Bus,DO,0.0,,,,Annual Total,23785.0,1808.0,3678.0
Ashe County Transportation Authority Inc,,,2024,Bus,DO,0.0,,,,Annual Total,33888.0,2689.0,22228.0
Mississippi State University,,,2024,Bus,DO,0.0,,,,Annual Total,627082.0,53519.0,421064.0
"City of Maysville, dba: Maysville City Transit",,,2024,Bus,DO,0.0,,,,Annual Total,65974.0,3792.0,18939.0
Mitchell County Transportation Authority,,,2024,Bus,DO,0.0,,,,Annual Total,44711.0,2813.0,8216.0
"Kerr Area Transportation Authority, dba: Kerr Area Regional Transportation System",,,2024,Bus,DO,0.0,,,,Annual Total,62469.0,4456.0,12853.0
City of Oxford,,,2024,Bus,DO,0.0,,,,Annual Total,1125861.0,63185.0,753265.0
Murray-Calloway County Transit Authority,,,2024,Bus,DO,0.0,,,,Annual Total,70903.0,6287.0,33097.0
"City of Key West, dba: Key West Transit",,,2024,Bus,DO,0.0,,798.0,1001311.0,Annual Total,514332.0,29848.0,304591.0
Cherokee County,,,2024,Bus,DO,0.0,,,,Annual Total,15428.0,1570.0,5096.0
Transp. Administration of Cleveland County. Inc,,,2024,Bus,DO,0.0,,,,Annual Total,36335.0,2655.0,5846.0
"City of Glasgow, dba: Glasgow Transit System",,,2024,Bus,DO,0.0,,,,Annual Total,39248.0,3497.0,9648.0
"Lowcountry Regional Transportation Authority, dba: Palmetto Breeze","Bluffton East--Hilton Head Island, SC",8601,2024,Commuter Bus,DO,63.24,71824.0,3256.0,294590.0,Annual Total,360284.0,14711.0,137432.0
"Lowcountry Regional Transportation Authority, dba: Palmetto Breeze","Bluffton East--Hilton Head Island, SC",8601,2024,Bus,DO,63.24,71824.0,3256.0,294590.0,Annual Total,214119.0,14055.0,71791.0
City of Gatlinburg,,,2024,Bus,DO,0.0,,,,Annual Total,212070.0,25896.0,736164.0
Transylvania County,,,2024,Bus,DO,0.0,,,,Annual Total,42146.0,2540.0,1948.0
"Birmingham Regional Paratransit Consortium, dba: ClasTran","Birmingham, AL",7786,2024,Bus,DO,509.27,774956.0,1897.0,897759.0,Annual Total,15963.0,1533.0,6485.0
"City of Frankfort, dba: Frankfort Public Transit",,,2024,Bus,DO,0.0,,,,Annual Total,272459.0,20275.0,130856.0
AppalCart,,,2024,Bus,DO,0.0,,,,Annual Total,702111.0,56465.0,1476171.0
City of Pigeon Forge,,,2024,Bus,DO,0.0,,,,Annual Total,437893.0,37810.0,2112281.0
Big Bend Transit,,,2024,Bus,DO,0.0,,,,Annual Total,470942.0,15620.0,49530.0
County of Citrus,"Beverly Hills--Homosassa Springs--Pine Ridge, FL",7472,2024,Bus,DO,118.83,96729.0,49.0,30858.0,Annual Total,229654.0,12758.0,27355.0
Jackson County,,,2024,Bus,DO,0.0,,,,Annual Total,36292.0,2426.0,4964.0
Baker Council on Aging,,,2024,Bus,DO,0.0,,,,Annual Total,86092.0,4587.0,2357.0
Municipality of Comerio,"San Juan, PR",79093,2024,Bus,DO,763.6,1844410.0,28.0,18883.0,Annual Total,13860.0,1413.0,8290.0
Macon County,,,2024,Bus,DO,0.0,,,,Annual Total,68200.0,4850.0,15741.0
"Board of County Commissioners of St. Lucie County, dba: Area Regional Transit","Port St. Lucie, FL",71479,2024,Bus,PT,224.23,437745.0,572.0,358704.0,Annual Total,561362.0,36292.0,561664.0
Atlanta-Region Transit Link Authority,"Atlanta, GA",3817,2024,Commuter Bus,PT,2553.04,5100112.0,498.0,1354871.0,Annual Total,1533784.0,60925.0,538253.0
Eastern Band of Cherokee Indians,North Carolina Non-UZA,37,2024,Bus,DO,0.0,4506122.0,75.0,9014.0,Annual Total,232649.0,15956.0,39125.0
City of Fort Lauderdale,"Miami--Fort Lauderdale, FL",56602,2024,Ferryboat,PT,1244.18,6077522.0,17.0,182760.0,Annual Total,15110.0,4243.0,110348.0
City of Fort Lauderdale,"Miami--Fort Lauderdale, FL",56602,2024,Bus,PT,1244.18,6077522.0,17.0,182760.0,Annual Total,191503.0,21472.0,166221.0
City of Tamarac,"Miami--Fort Lauderdale, FL",56602,2024,Bus,DO,1244.18,6077522.0,12.0,72372.0,Annual Total,53335.0,3872.0,45576.0
Central Florida Regional Planning Council,,,2024,Bus,DO,0.0,,298.0,297811.0,Annual Total,45302.0,3754.0,27364.0
Municipality of Jayuya,,,2024,Bus,DO,0.0,,,,Annual Total,35322.0,1598.0,1358.0
Municipality of Coamo,,,2024,Bus,DO,0.0,,,,Annual Total,1035.0,115.0,113.0
Municipality of Vieques,,,2024,Bus,DO,0.0,,,,Annual Total,37151.0,4140.0,2090.0
"City of Scottsville, dba: City of Scottsville Transit",,,2024,Bus,DO,0.0,,,,Annual Total,30288.0,2323.0,8291.0
County of Hyde,,,2024,Bus,PT,0.0,,,,Annual Total,16799.0,2554.0,37381.0
North Carolina Department of Transportation -- Ferry Division,,,2024,Ferryboat,PT,0.0,,,,Annual Total,232268.0,36831.0,1377381.0
Municipality of Patillas,,,2024,Bus,DO,0.0,,,,Annual Total,24078.0,1082.0,1190.0
"Hendry Co. BOCC, dba: STREAM",,,2024,Bus,DO,0.0,,,,Annual Total,182743.0,7066.0,4938.0
City of Henderson KY,,,2024,Bus,DO,0.0,,,,Annual Total,144792.0,10181.0,76559.0
"City of Appleton, dba: Valley Transit","Appleton, WI",2764,2024,Bus,DO,107.78,230967.0,117.0,281797.0,Annual Total,743099.0,47585.0,625816.0
"City of Appleton, dba: Valley Transit","Appleton, WI",2764,2024,Bus,PT,107.78,230967.0,117.0,281797.0,Annual Total,5489.0,435.0,2919.0
"City of Green Bay, dba: Green Bay Metro","Green Bay, WI",34813,2024,Bus,DO,113.66,224156.0,62.0,181036.0,Annual Total,649584.0,44299.0,804666.0
"City of Kenosha, dba: Kenosha Area Transit","Kenosha, WI",44506,2024,Bus,DO,56.17,125865.0,27.0,99894.0,Annual Total,871458.0,60313.0,1301963.0
"City of Kenosha, dba: Kenosha Area Transit","Kenosha, WI",44506,2024,Streetcar Rail,DO,56.17,125865.0,27.0,99894.0,Annual Total,15630.0,2298.0,22481.0
"City of La Crosse, dba: City Of La Crosse MTU","La Crosse, WI--MN",45910,2024,Bus,DO,42.24,98872.0,36.0,80201.0,Annual Total,885619.0,61376.0,694659.0
City of Madison,"Madison, WI",53200,2024,Bus,DO,149.7,450305.0,130.0,363017.0,Annual Total,5090485.0,415597.0,8649646.0
City of Madison,"Madison, WI",53200,2024,Bus Rapid Transit,DO,149.7,450305.0,130.0,363017.0,Annual Total,223092.0,18906.0,527222.0
"City of Racine, Wisconsin, dba: RYDE Racine","Racine, WI",73153,2024,Commuter Bus,PT,52.26,134877.0,27.0,112100.0,Annual Total,187534.0,8585.0,29406.0
"City of Racine, Wisconsin, dba: RYDE Racine","Racine, WI",73153,2024,Bus,DO,52.26,134877.0,27.0,112100.0,Annual Total,913724.0,71702.0,986289.0
"Bay Mills Indian Community, dba: Bay Mills Public Transportation",Michigan Non-UZA,26,2024,Bus,DO,0.0,3418966.0,,,Annual Total,43750.0,1800.0,1925.0
"Milwaukee County, dba: Milwaukee County Transit System","Milwaukee, WI",57466,2024,Bus,PT,463.68,1306795.0,241.0,914332.0,Annual Total,16440906.0,1304139.0,25300648.0
"City of Oshkosh, Wisconsin, dba: GO Transit","Oshkosh, WI",66160,2024,Bus,DO,32.84,76190.0,25.0,66816.0,Annual Total,479796.0,34791.0,671698.0
METRO Regional Transit Authority,"Akron, OH",766,2024,Bus,DO,300.64,541879.0,420.0,541013.0,Annual Total,4265818.0,332772.0,5140524.0
Stark Area Regional Transit Authority,"Canton, OH",13375,2024,Bus,DO,180.19,295319.0,1131.0,490723.0,Annual Total,2424515.0,147685.0,1326600.0
"Southwest Ohio Regional Transit Authority, dba: Metro / Access","Cincinnati, OH--KY",16885,2024,Bus,DO,752.28,1686744.0,289.0,744901.0,Annual Total,11452953.0,829081.0,13315628.0
The Greater Cleveland Regional Transit Authority,"Cleveland, OH",17668,2024,Heavy Rail,DO,713.81,1712178.0,458.0,1264817.0,Annual Total,2333320.0,124305.0,3151597.0
The Greater Cleveland Regional Transit Authority,"Cleveland, OH",17668,2024,Light Rail,DO,713.81,1712178.0,458.0,1264817.0,Annual Total,531294.0,37230.0,808055.0
The Greater Cleveland Regional Transit Authority,"Cleveland, OH",17668,2024,Bus,DO,713.81,1712178.0,458.0,1264817.0,Annual Total,13363630.0,1073017.0,18187961.0
The Greater Cleveland Regional Transit Authority,"Cleveland, OH",17668,2024,Bus Rapid Transit,DO,713.81,1712178.0,458.0,1264817.0,Annual Total,418772.0,47691.0,2080030.0
Central Ohio Transit Authority,"Columbus, OH",19234,2024,Bus,DO,516.16,1567254.0,336.0,1413698.0,Annual Total,11089087.0,909197.0,11853423.0
Greater Dayton Regional Transit Authority,"Dayton, OH",22528,2024,Bus,DO,319.89,674046.0,274.0,559062.0,Annual Total,4790610.0,303634.0,4297559.0
Greater Dayton Regional Transit Authority,"Dayton, OH",22528,2024,Trolleybus,DO,319.89,674046.0,274.0,559062.0,Annual Total,584446.0,49703.0,1713249.0
"City of Middletown, dba: Middletown Transit System","Middletown, OH",56926,2024,Bus,DO,53.62,93608.0,20.0,51673.0,Annual Total,206327.0,14584.0,244602.0
"City of Springfield, Ohio","Springfield, OH",83980,2024,Bus,PT,45.08,82369.0,25.0,58662.0,Annual Total,225540.0,17262.0,112330.0
Portage Area Regional Transportation Authority,"Akron, OH",766,2024,Bus,DO,300.64,541879.0,487.0,161791.0,Annual Total,757204.0,46942.0,1130387.0
Toledo Area Regional Transit Authority,"Toledo, OH--MI",87868,2024,Bus,DO,240.71,497952.0,238.0,429500.0,Annual Total,2409418.0,189532.0,2006430.0
Western Reserve Transit Authority,"Youngstown, OH",97831,2024,Bus,DO,195.96,320901.0,331.0,430591.0,Annual Total,1636850.0,98789.0,1953402.0
"Duluth Transit Authority, dba: DTA","Duluth, MN--WI",24850,2024,Bus,DO,66.87,119411.0,91.0,119100.0,Annual Total,1910679.0,149545.0,2308998.0
"City of Moorhead, dba: MATBUS","Fargo, ND--MN",29089,2024,Bus,PT,77.73,216214.0,26.0,51118.0,Annual Total,439533.0,32857.0,380934.0
Metro Transit,"Minneapolis--St. Paul, MN",57628,2024,Commuter Rail,PT,1014.79,2914866.0,468.0,1669091.0,Annual Total,325589.0,6790.0,127368.0
Metro Transit,"Minneapolis--St. Paul, MN",57628,2024,Light Rail,DO,1014.79,2914866.0,468.0,1669091.0,Annual Total,3263560.0,268180.0,15489194.0
Metro Transit,"Minneapolis--St. Paul, MN",57628,2024,Bus,DO,1014.79,2914866.0,468.0,1669091.0,Annual Total,18700603.0,1618836.0,31941893.0
"St. Cloud Metropolitan Transit Commission, dba: Metro Bus","St. Cloud, MN",77338,2024,Commuter Bus,DO,53.97,117638.0,29.0,112910.0,Annual Total,89682.0,2759.0,13811.0
"St. Cloud Metropolitan Transit Commission, dba: Metro Bus","St. Cloud, MN",77338,2024,Bus,DO,53.97,117638.0,29.0,112910.0,Annual Total,991071.0,71103.0,644166.0
"Bay Metropolitan Transit Authority, dba: Bay Metro","Bay City, MI",5869,2024,Bus,DO,39.93,68472.0,442.0,103856.0,Annual Total,734992.0,34291.0,278998.0
"City of Battle Creek, dba: Battle Creek Transit","Battle Creek, MI",5707,2024,Bus,DO,47.33,75513.0,73.0,87735.0,Annual Total,245791.0,18354.0,170206.0
Suburban Mobility Authority for Regional Transportation,"Detroit, MI",23824,2024,Bus,DO,1284.83,3776890.0,1074.0,3424477.0,Annual Total,9667863.0,571407.0,5743364.0
"Mass Transportation Authority , dba: MTA Flint","Flint, MI",29872,2024,Commuter Bus,DO,205.46,298964.0,637.0,406211.0,Annual Total,1155495.0,34568.0,319745.0
"Mass Transportation Authority , dba: MTA Flint","Flint, MI",29872,2024,Bus,DO,205.46,298964.0,637.0,406211.0,Annual Total,2261889.0,146789.0,2661523.0
"Interurban Transit Partnership, dba: The Rapid","Grand Rapids, MI",34300,2024,Bus,DO,274.36,605666.0,155.0,621711.0,Annual Total,4618913.0,344997.0,5765508.0
"Interurban Transit Partnership, dba: The Rapid","Grand Rapids, MI",34300,2024,Bus Rapid Transit,DO,274.36,605666.0,155.0,621711.0,Annual Total,337110.0,27850.0,421150.0
"City of Jackson Transportation Authority, dba: Jackson Area Transportation Authority","Jackson, MI",42157,2024,Bus,DO,52.03,84307.0,702.0,160731.0,Annual Total,331242.0,23453.0,337931.0
"Central County Transportation Authority, dba: Metro Transit","Kalamazoo, MI",43723,2024,Bus,DO,109.46,204562.0,580.0,262215.0,Annual Total,1471054.0,109211.0,1736876.0
Capital Area Transportation Authority,"Lansing, MI",47719,2024,Bus,DO,155.83,318300.0,608.0,329010.0,Annual Total,3471035.0,286931.0,8474506.0
"County of Muskegon, dba: Muskegon Area Transit System","Muskegon--Norton Shores, MI",60841,2024,Bus,DO,112.06,166414.0,57.0,94036.0,Annual Total,285043.0,21524.0,183212.0
"City of Niles , dba: Niles Dial-A-Ride","South Bend, IN--MI",83116,2024,Bus,DO,147.93,278921.0,120.0,237932.0,Annual Total,21200.0,1763.0,9103.0
Saginaw Transit Authority Regional Service,"Saginaw, MI",77149,2024,Bus,DO,65.73,116058.0,816.0,189591.0,Annual Total,890574.0,80778.0,570696.0
Ann Arbor Area Transportation Authority,"Ann Arbor, MI",2602,2024,Commuter Bus,PT,143.45,317689.0,146.0,275473.0,Annual Total,454275.0,15812.0,85536.0
Ann Arbor Area Transportation Authority,"Ann Arbor, MI",2602,2024,Bus,DO,143.45,317689.0,146.0,275473.0,Annual Total,3557644.0,285453.0,4786581.0
"City of Anderson , dba: City of Anderson Transit System","Anderson, IN",2386,2024,Bus,DO,52.17,79517.0,45.0,55076.0,Annual Total,316877.0,24099.0,86526.0
"City of East Chicago, dba: EAST CHICAGO TRANSIT","Chicago, IL--IN",16264,2024,Bus,DO,2337.89,8671746.0,11.0,26370.0,Annual Total,60635.0,4414.0,47944.0
City of Evansville,"Evansville, IN",28333,2024,Bus,DO,112.75,206855.0,236.0,179810.0,Annual Total,975341.0,69862.0,793022.0
"Fort Wayne Public Transportation Corporation, dba: Citilink","Fort Wayne, IN",31087,2024,Bus,DO,163.6,335934.0,123.0,279469.0,Annual Total,1351597.0,96116.0,1543424.0
Gary Public Transportation Corporation,"Chicago, IL--IN",16264,2024,Bus,DO,2337.89,8671746.0,38.0,102746.0,Annual Total,878628.0,63506.0,452712.0
"Bloomington-Normal Public Transit System, dba: Connect Transit","Bloomington--Normal, IL",8407,2024,Bus,DO,50.36,134100.0,46.0,131416.0,Annual Total,1293170.0,107384.0,2136851.0
"Indianapolis and Marion County Public Transportation, dba: IndyGo","Indianapolis, IN",41212,2024,Bus,DO,722.55,1699881.0,396.0,969466.0,Annual Total,7153021.0,521217.0,5553592.0
"Indianapolis and Marion County Public Transportation, dba: IndyGo","Indianapolis, IN",41212,2024,Bus,PT,722.55,1699881.0,396.0,969466.0,Annual Total,54333.0,3244.0,8307.0
"Indianapolis and Marion County Public Transportation, dba: IndyGo","Indianapolis, IN",41212,2024,Bus Rapid Transit,DO,722.55,1699881.0,396.0,969466.0,Annual Total,871630.0,66059.0,1402365.0
"Greater Lafayette Public Transportation Corporation, dba: CityBus","Lafayette, IN",46018,2024,Bus,DO,68.74,157100.0,74.0,134333.0,Annual Total,1650663.0,131233.0,4451900.0
"South Bend Public Transportation Corporation, dba: Transpo","South Bend, IN--MI",83116,2024,Bus,DO,147.93,278921.0,68.0,154346.0,Annual Total,1288616.0,99460.0,1341552.0
"City of Terre Haute , dba: Terre Haute Transit Utility","Terre Haute, IN",87139,2024,Bus,DO,46.83,79862.0,18.0,59614.0,Annual Total,373884.0,28347.0,129148.0
Muncie Indiana Transit System,"Muncie, IN",60625,2024,Bus,DO,48.2,84382.0,27.0,84832.0,Annual Total,671659.0,48763.0,893245.0
"Greater Peoria Mass Transit District, dba: CityLink","Peoria, IL",68509,2024,Bus,DO,145.79,259781.0,105.0,240110.0,Annual Total,2069102.0,150410.0,1776363.0
Rock Island County Metropolitan Mass Transit District,"Davenport, IA--IL",22366,2024,Ferryboat,PT,134.86,285211.0,46.0,120378.0,Annual Total,15769.0,2129.0,39988.0
Rock Island County Metropolitan Mass Transit District,"Davenport, IA--IL",22366,2024,Bus,DO,134.86,285211.0,46.0,120378.0,Annual Total,2173254.0,145160.0,2232427.0
Rockford Mass Transit District,"Rockford, IL",75718,2024,Bus,DO,133.81,276443.0,156.0,277458.0,Annual Total,1330431.0,98846.0,1244338.0
"Springfield Mass Transit District, dba: Sangamon Mass Transit District","Springfield, IL",83899,2024,Bus,DO,81.74,159265.0,175.0,167405.0,Annual Total,1778799.0,125312.0,1343661.0
Champaign-Urbana Mass Transit District,"Champaign, IL",15211,2024,Bus,DO,46.52,147452.0,41.0,136289.0,Annual Total,2854551.0,276488.0,9388395.0
"City of Decatur, Il, dba: Decatur Public Transit System","Decatur, IL",22717,2024,Bus,PT,55.11,86287.0,53.0,74746.0,Annual Total,964491.0,83606.0,847983.0
Chicago Transit Authority,"Chicago, IL--IN",16264,2024,Heavy Rail,DO,2337.89,8671746.0,282.0,3200664.0,Annual Total,69571292.0,4098288.0,127463409.0
Chicago Transit Authority,"Chicago, IL--IN",16264,2024,Bus,DO,2337.89,8671746.0,282.0,3200664.0,Annual Total,49576262.0,5471876.0,181733617.0
"City of Sheboygan, dba: Shoreline Metro","Sheboygan, WI",81118,2024,Bus,DO,35.31,74369.0,23.0,59490.0,Annual Total,522653.0,36939.0,582212.0
Richland County Transit,"Mansfield, OH",54091,2024,Bus,PT,47.68,73545.0,72.0,73140.0,Annual Total,200470.0,17738.0,118264.0
"City of Wausau, Wisconsin, dba: Metro Ride","Wausau, WI",93025,2024,Bus,DO,48.74,77429.0,19.0,39994.0,Annual Total,389805.0,27037.0,427402.0
"City of Rochester, Minnesota, dba: Rochester Public Transit","Rochester, MN",75637,2024,Bus,PT,51.59,121587.0,70.0,128191.0,Annual Total,1538723.0,109615.0,650944.0
Lima Allen County Regional Transit Authority,"Lima, OH",49852,2024,Bus,DO,48.66,68630.0,405.0,100866.0,Annual Total,508999.0,25326.0,178524.0
"Lorain County, dba: Lorain County Transit","Lorain--Elyria, OH",51364,2024,Bus,PT,90.61,199067.0,49.0,127025.0,Annual Total,126252.0,9055.0,27907.0
"City of Waukesha , dba: Waukesha Metro Transit","Milwaukee, WI",57466,2024,Commuter Bus,PT,463.68,1306795.0,43.0,141642.0,Annual Total,125604.0,5101.0,15041.0
"City of Waukesha , dba: Waukesha Metro Transit","Milwaukee, WI",57466,2024,Bus,DO,463.68,1306795.0,43.0,141642.0,Annual Total,750506.0,55248.0,404488.0
"City of Michigan , dba: Michigan City Transit","Michigan City--La Porte, IN--MI",56656,2024,Commuter Bus,DO,49.16,71367.0,20.0,32075.0,Annual Total,27750.0,1383.0,1404.0
"City of Michigan , dba: Michigan City Transit","Michigan City--La Porte, IN--MI",56656,2024,Bus,DO,49.16,71367.0,20.0,32075.0,Annual Total,197857.0,13698.0,118504.0
"City of Eau Claire, dba: Eau Claire Transit","Eau Claire, WI",26038,2024,Bus,DO,62.5,105475.0,28.0,82610.0,Annual Total,714282.0,49203.0,688698.0
"Northern Indiana Commuter Transportation District, dba: South Shore Line","Chicago, IL--IN",16264,2024,Commuter Rail,DO,2337.89,8671746.0,1970.0,1060840.0,Annual Total,3684700.0,95297.0,1771513.0
"City of Janesville, dba: Janesville Transit System","Janesville, WI",42562,2024,Bus,DO,36.65,72285.0,35.0,66311.0,Annual Total,422432.0,29069.0,402008.0
"City of Beloit, dba: Beloit Transit System","Beloit, WI--IL",6760,2024,Bus,DO,31.94,63073.0,16.0,37137.0,Annual Total,298448.0,19016.0,141898.0
"Bloomington Public Transportation Corporation, dba: Bloomington Transit","Bloomington, IN",8380,2024,Bus,DO,43.04,110103.0,21.0,86987.0,Annual Total,966598.0,87764.0,2546466.0
"Pace, the Suburban Bus Division of the Regional Transportation Authority, dba: Pace Suburban Bus","Chicago, IL--IN",16264,2024,Bus,DO,2337.89,8671746.0,3519.0,5700036.0,Annual Total,22542179.0,1583831.0,16402061.0
"Pace, the Suburban Bus Division of the Regional Transportation Authority, dba: Pace Suburban Bus","Chicago, IL--IN",16264,2024,Bus,PT,2337.89,8671746.0,3519.0,5700036.0,Annual Total,899690.0,64756.0,564280.0
Laketran,"Cleveland, OH",17668,2024,Commuter Bus,DO,713.81,1712178.0,627.0,326867.0,Annual Total,364883.0,13548.0,65931.0
Laketran,"Cleveland, OH",17668,2024,Bus,DO,713.81,1712178.0,627.0,326867.0,Annual Total,1172354.0,76478.0,359943.0
"Northeast Illinois Regional Commuter Railroad Corporation, dba: Metra","Chicago, IL--IN",16264,2024,Commuter Rail,DO,2337.89,8671746.0,3947.0,8615017.0,Annual Total,20336280.0,716575.0,14497490.0
"Northeast Illinois Regional Commuter Railroad Corporation, dba: Metra","Chicago, IL--IN",16264,2024,Commuter Rail,PT,2337.89,8671746.0,3947.0,8615017.0,Annual Total,23774358.0,789979.0,20554453.0
"City of Detroit , dba: Detroit Department of Transportation","Detroit, MI",23824,2024,Bus,DO,1284.83,3776890.0,234.0,1051084.0,Annual Total,9132113.0,580489.0,12857631.0
Twin Cities Area Transportation Authority,"Benton Harbor--Lincoln--St. Joseph, MI",7138,2024,Bus,DO,52.53,61888.0,14.0,27000.0,Annual Total,158149.0,13167.0,124696.0
"Detroit Transportation Corporation, dba: Detroit People Mover","Detroit, MI",23824,2024,Monorail/Automated Guideway,DO,1284.83,3776890.0,3.0,92477.0,Annual Total,269195.0,23208.0,1040277.0
"Steel Valley Regional Transit Authority, dba: Steel Valley RTA","Steubenville--Weirton, OH--WV--PA",84859,2024,Bus,DO,46.34,64981.0,13.0,25273.0,Annual Total,372565.0,25451.0,170560.0
City of Kokomo,"Kokomo, IN",45694,2024,Bus,DO,32.5,62576.0,80.0,62576.0,Annual Total,169505.0,12037.0,266348.0
Madison County Transit District,"St. Louis, MO--IL",77770,2024,Bus,PT,910.37,2156323.0,189.0,232298.0,Annual Total,3287971.0,193657.0,1526502.0
"Blue Water Area Transportation Commission, dba: Blue Water Area Transit","Port Huron, MI",71155,2024,Commuter Bus,DO,52.51,82226.0,700.0,159874.0,Annual Total,99091.0,3602.0,7632.0
"Blue Water Area Transportation Commission, dba: Blue Water Area Transit","Port Huron, MI",71155,2024,Bus,DO,52.51,82226.0,700.0,159874.0,Annual Total,390176.0,32843.0,584553.0
Michiana Area Council of Governments,"Elkhart, IN--MI",26794,2024,Bus,PT,94.94,148199.0,90.0,176300.0,Annual Total,615673.0,36120.0,408908.0
Metropolitan Council,"Minneapolis--St. Paul, MN",57628,2024,Bus,PT,1014.79,2914866.0,2785.0,2849712.0,Annual Total,3719193.0,263575.0,2066150.0
"Butler County Regional Transit Authority, dba: BCRTA","Cincinnati, OH--KY",16885,2024,Commuter Bus,DO,752.28,1686744.0,467.0,394803.0,Annual Total,234866.0,8008.0,32975.0
"Butler County Regional Transit Authority, dba: BCRTA","Cincinnati, OH--KY",16885,2024,Bus,DO,752.28,1686744.0,467.0,394803.0,Annual Total,562309.0,40562.0,483417.0
University of Michigan Parking and Transportation Services,"Ann Arbor, MI",2602,2024,Bus,DO,143.45,317689.0,12.0,66641.0,Annual Total,1170623.0,120913.0,4567120.0
River Valley Metro Mass Transit District,"Kankakee, IL",43885,2024,Commuter Bus,PT,31.66,66530.0,26.0,66010.0,Annual Total,312816.0,8811.0,32151.0
River Valley Metro Mass Transit District,"Kankakee, IL",43885,2024,Bus,PT,31.66,66530.0,26.0,66010.0,Annual Total,911490.0,62845.0,545186.0
"Ozaukee County , dba: Ozaukee County Transit","Milwaukee, WI",57466,2024,Commuter Bus,PT,463.68,1306795.0,235.0,91503.0,Annual Total,25537.0,902.0,3955.0
"Licking County, Ohio, dba: Licking County Transit","Newark, OH",61705,2024,Bus,DO,44.09,81223.0,683.0,183201.0,Annual Total,123608.0,8688.0,37751.0
"City of Sandusky, dba: Sandusky Transit System","Sandusky--Port Clinton, OH",78774,2024,Bus,PT,53.8,61743.0,252.0,76755.0,Annual Total,514313.0,33828.0,413364.0
"Clermont County, Ohio","Cincinnati, OH--KY",16885,2024,Bus,DO,752.28,1686744.0,452.0,208601.0,Annual Total,130891.0,4246.0,11377.0
"Fond du Lac, Wisconsin , dba: Fond du Lac Area Transit","Fond du Lac, WI",30223,2024,Bus,DO,24.69,54731.0,19.0,49167.0,Annual Total,162451.0,12523.0,124605.0
"Fond du Lac, Wisconsin , dba: Fond du Lac Area Transit","Fond du Lac, WI",30223,2024,Bus,PT,24.69,54731.0,19.0,49167.0,Annual Total,6137.0,537.0,8743.0
"City of Danville, dba: Danville Mass Transit","Champaign, IL",15211,2024,Bus,DO,46.52,147452.0,34.0,88517.0,Annual Total,548495.0,24656.0,471824.0
"City of DeKalb, dba: City of DeKalb Public Transit","DeKalb, IL",22960,2024,Bus,PT,25.63,64736.0,19.0,64769.0,Annual Total,911352.0,63820.0,841881.0
"City of Columbus, dba: ColumBus Transit","Columbus, IN",19126,2024,Bus,DO,27.86,60982.0,28.0,50474.0,Annual Total,253049.0,21190.0,209921.0
"City of Valparaiso, dba: Valpo Transit","Valparaiso--Shorewood Forest, IN",90095,2024,Commuter Bus,PT,33.64,51867.0,16.0,34627.0,Annual Total,139129.0,4174.0,40558.0
"City of Valparaiso, dba: Valpo Transit","Valparaiso--Shorewood Forest, IN",90095,2024,Bus,PT,33.64,51867.0,16.0,34627.0,Annual Total,170870.0,13079.0,83134.0
Macatawa Area Express Transportation Authority,"Holland, MI",39430,2024,Bus,DO,64.8,107034.0,45.0,90852.0,Annual Total,337681.0,27367.0,197275.0
"Lawrence County Port Authority, dba: Lawrence County Transit","Huntington, WV--KY--OH",40753,2024,Bus,PT,128.87,200157.0,67.0,113532.0,Annual Total,157456.0,7595.0,9193.0
"Harbor Transit Multi-Modal Transportation System, dba: Harbor Transit","Muskegon--Norton Shores, MI",60841,2024,Bus,DO,112.06,166414.0,54.0,45357.0,Annual Total,28056.0,2001.0,9542.0
Jackson County Mass Transit District,,,2024,Bus,DO,0.0,,,,Annual Total,336090.0,21534.0,111362.0
"City of Mankato , dba: Mankato Transit System","Mankato, MN",53983,2024,Bus,DO,25.63,60206.0,26.0,60206.0,Annual Total,392518.0,29244.0,432870.0
Central Indiana Regional Transportation Authority,"Indianapolis, IN",41212,2024,Bus,PT,722.55,1699881.0,368.0,864447.0,Annual Total,159202.0,6805.0,20145.0
Rides Mass Transit District,,,2024,Bus,DO,0.0,,,,Annual Total,2511829.0,141218.0,636290.0
"M-1 Rail, dba: QLINE Detroit","Detroit, MI",23824,2024,Streetcar Rail,DO,1284.83,3776890.0,6.0,21738.0,Annual Total,108652.0,13572.0,1143100.0
Dunn County Transit Commission,,,2024,Bus,DO,0.0,,,,Annual Total,40201.0,3415.0,111118.0
"City of Macomb, dba: McDonough County Public Transportation",,,2024,Bus,DO,0.0,,,,Annual Total,207933.0,18649.0,398696.0
Eastern Upper Peninsula Transportation Authority,,,2024,Ferryboat,DO,0.0,,,,Annual Total,30272.0,20951.0,877244.0
Eastern Upper Peninsula Transportation Authority,,,2024,Bus,DO,0.0,,,,Annual Total,266115.0,8122.0,18204.0
"Isabella County Transportation Commission, dba: IRide",,,2024,Bus,DO,0.0,,,,Annual Total,91465.0,7260.0,41492.0
"City of Richmond, dba: RoseView Transit",,,2024,Bus,DO,0.0,,,,Annual Total,170817.0,13598.0,117877.0
Access Johnson County,"Indianapolis, IN",41212,2024,Bus,DO,722.55,1699881.0,1046.0,199332.0,Annual Total,159633.0,13290.0,26216.0
"City of Quincy, dba: Quincy Transit",,,2024,Bus,DO,0.0,,,,Annual Total,368511.0,30890.0,237360.0
Eaton County Transportation Authority,,,2024,Bus,DO,0.0,,63.0,200169.0,Annual Total,119626.0,4597.0,3017.0
"Champaign County, dba: Champaign-County Area Rural Transit System",,,2024,Bus,DO,0.0,,,,Annual Total,117840.0,7373.0,15084.0
Knox Area Transit,,,2024,Bus,DO,0.0,,,,Annual Total,19375.0,1121.0,13006.0
"Four Rivers Resource Services, dba: Ride Solution",,,2024,Bus,DO,0.0,,,,Annual Total,160221.0,9867.0,21087.0
"Athens Transit, dba: Athens Public Transit",,,2024,Bus,DO,0.0,,,,Annual Total,367467.0,20515.0,304090.0
"Cass County Council on Aging , dba: Cass Area Transit",,,2024,Bus,DO,0.0,,,,Annual Total,19662.0,2102.0,8477.0
"Kalkaska Public Transit Authority, dba: Kalkaska Area Transit",,,2024,Bus,DO,0.0,,724.0,160248.0,Annual Total,74338.0,3653.0,25759.0
Rusk County Transit Commission,,,2024,Bus,DO,0.0,,,,Annual Total,139450.0,15834.0,19745.0
"City of Washington, dba: Washington Transit System",,,2024,Bus,DO,0.0,,,,Annual Total,26913.0,2237.0,14142.0
"Area 10 Council on Aging of Monroe County, dba: Rural Transit",,,2024,Bus,DO,0.0,,,,Annual Total,15668.0,1134.0,8205.0
"Shawnee Mass Transit District, dba: Shawnee Mass Transit",,,2024,Bus,DO,0.0,,,,Annual Total,1811021.0,54228.0,142808.0
"South Central Illinois Mass Transit District, dba: South Central Transit",,,2024,Bus,DO,0.0,,,,Annual Total,623393.0,21611.0,73317.0
"Hibbing, City of, dba: Hibbing Area Transit",,,2024,Bus,DO,0.0,,,,Annual Total,39399.0,3468.0,19523.0
"Prairie Five CAC, Inc., dba: Prairie Five Rides",,,2024,Bus,DO,0.0,,,,Annual Total,13537.0,1662.0,707.0
Branch Area Transit Authority,,,2024,Bus,DO,0.0,,,,Annual Total,20514.0,2095.0,12584.0
South East Area Transit,,,2024,Bus,DO,0.0,,,,Annual Total,137892.0,8964.0,74999.0
Perry County Transit,,,2024,Bus,DO,0.0,,,,Annual Total,78331.0,3430.0,523.0
"Blue River Services , dba: Southern Indiana Transit System",,,2024,Bus,DO,0.0,,,,Annual Total,39698.0,1392.0,3890.0
"Winona, City of, dba: Winona Transit Service",,,2024,Bus,DO,0.0,,,,Annual Total,204650.0,15930.0,98598.0
"Tri-Valley Opportunity Council, Inc., dba: Tri-Valley Heartland Express",,,2024,Bus,DO,0.0,,,,Annual Total,76435.0,3955.0,14781.0
City of Stevens Point,,,2024,Bus,DO,0.0,,,,Annual Total,246743.0,16871.0,127644.0
Van Buren County Board of Commissioners,,,2024,Bus,DO,0.0,,,,Annual Total,66161.0,5425.0,19969.0
"Brown County , dba: Brown County Heartland Express",,,2024,Bus,DO,0.0,,,,Annual Total,42793.0,2969.0,5084.0
City of Houghton,,,2024,Bus,DO,0.0,,,,Annual Total,30461.0,2011.0,46627.0
Ashtabula County Transportation System,,,2024,Bus,PT,0.0,,,,Annual Total,68657.0,5884.0,18192.0
"Hubbard County, dba: Hubbard County Heartland Express",,,2024,Bus,DO,0.0,,,,Annual Total,20722.0,2117.0,5170.0
Bay Area Rural Transit Commission,,,2024,Bus,DO,0.0,,,,Annual Total,581940.0,28900.0,87712.0
"Lancaster Public Transit System, dba: Lancaster-Fairfield Public Transit","Columbus, OH",19234,2024,Bus,DO,516.16,1567254.0,504.0,167762.0,Annual Total,171371.0,16733.0,125128.0
"Fayette County Transportation Program, dba: Fayette County Transportation",,,2024,Bus,DO,0.0,,,,Annual Total,21495.0,1894.0,2631.0
Bay Area Transportation Authority,"Traverse City--Garfield, MI",88300,2024,Bus,DO,52.42,56890.0,813.0,117539.0,Annual Total,1035229.0,67451.0,252723.0
"Marquette County Transit Authority, dba: MARQ-TRAN",,,2024,Bus,DO,0.0,,,,Annual Total,511379.0,24915.0,181111.0
Chillicothe Transit System,,,2024,Bus,DO,0.0,,,,Annual Total,121352.0,10074.0,60151.0
"City of Platteville, dba: Platteville Public Transportation",,,2024,Bus,PT,0.0,,,,Annual Total,52927.0,5560.0,49879.0
"Great Lakes Community Action Partnership, dba: TRIPS Public Transportation",,,2024,Bus,DO,0.0,,,,Annual Total,61486.0,4779.0,12628.0
"Pickaway Area Rural Transit, dba: PICCA Transit",,,2024,Bus,DO,0.0,,,,Annual Total,21146.0,1800.0,5929.0
St. Joseph County Transportation Authority,,,2024,Bus,DO,0.0,,,,Annual Total,54046.0,5823.0,18308.0
City of Big Rapids,,,2024,Bus,DO,0.0,,,,Annual Total,21213.0,1655.0,26791.0
"Logan Transit System, dba: Logan Public Transit",,,2024,Bus,DO,0.0,,,,Annual Total,6358.0,462.0,2798.0
"Seneca-Crawford Area Transportation, dba: North Central Area Transit",,,2024,Bus,DO,0.0,,,,Annual Total,50622.0,6554.0,4606.0
"County of La Crosse, dba: Scenic Mississippi Regional Transit",,,2024,Bus,PT,0.0,,,,Annual Total,294827.0,9267.0,14618.0
"Coles County, dba: Coles County Council on Aging",,,2024,Bus,DO,0.0,,,,Annual Total,105680.0,4464.0,19278.0
"Cedar Valley Services, Inc., dba: Southern Minnesota Area Rural Transit",,,2024,Bus,DO,0.0,,,,Annual Total,274739.0,24969.0,116917.0
"City of Manitowoc, dba: Maritime Metro Transit",,,2024,Bus,DO,0.0,,,,Annual Total,334632.0,20526.0,226518.0
"Pike County/Community Action Transit System, dba: Community Action Transit System",,,2024,Bus,DO,0.0,,,,Annual Total,34822.0,3505.0,7024.0
"Southwestern MN Opportunity Council, Inc., dba: Prairieland Transit System",,,2024,Bus,DO,0.0,,,,Annual Total,56796.0,3507.0,4613.0
"Tri-County Action Program, Inc.",,,2024,Bus,DO,0.0,,,,Annual Total,267504.0,15436.0,52151.0
Yates Township,,,2024,Bus,DO,0.0,,,,Annual Total,4025.0,290.0,385.0
"Columbiana County/Community Action Rural Transit System, dba: Community Action Rural Transit System",,,2024,Bus,DO,0.0,,,,Annual Total,24867.0,1800.0,2772.0
"City of Marion , dba: Marion Transit System",,,2024,Bus,DO,0.0,,,,Annual Total,156865.0,11565.0,127528.0
City of Sault Sainte Marie,,,2024,Bus,DO,0.0,,,,Annual Total,46015.0,4160.0,5418.0
Paul Bunyan Transit,,,2024,Bus,DO,0.0,,,,Annual Total,1837.0,185.0,1709.0
"City of Galesburg, dba: City of Galesburg Public Transportation",,,2024,Bus,DO,0.0,,,,Annual Total,165576.0,13376.0,93561.0
"City of Merrill, dba: Merrill-Go-Round",,,2024,Bus,DO,0.0,,,,Annual Total,42942.0,7125.0,54344.0
"Three Rivers Community Action, Inc., dba: Hiawathaland Transit",,,2024,Bus,DO,0.0,,,,Annual Total,316361.0,27676.0,114052.0
University of Minnesota,"Minneapolis--St. Paul, MN",57628,2024,Bus,PT,1014.79,2914866.0,5.0,65425.0,Annual Total,479859.0,45379.0,2530947.0
"City of Plymouth, dba: Plymouth Metrolink","Minneapolis--St. Paul, MN",57628,2024,Bus,PT,1014.79,2914866.0,35.0,80762.0,Annual Total,332432.0,16849.0,159544.0
SouthWest Transit,"Minneapolis--St. Paul, MN",57628,2024,Bus,PT,1014.79,2914866.0,83.0,132424.0,Annual Total,437891.0,17473.0,389955.0
Minnesota Valley Transit Authority,"Minneapolis--St. Paul, MN",57628,2024,Bus,PT,1014.79,2914866.0,139.0,318108.0,Annual Total,3049550.0,151661.0,1177312.0
"Arrowhead Economic Opportunity Agency, Inc., dba: Arrowhead Transit",,,2024,Bus,DO,0.0,,,,Annual Total,1706529.0,80920.0,287852.0
Chicago Water Taxi (Wendella),"Chicago, IL--IN",16264,2024,Ferryboat,DO,2337.89,8671746.0,89.0,69764.0,Annual Total,25701.0,7628.0,384914.0
"Lake Erie Transportation Commission, dba: Lake Erie Transit","Monroe, MI",58357,2024,Bus,DO,35.35,57260.0,153.0,94296.0,Annual Total,272865.0,23036.0,175520.0
"Village of Norridge, dba: Norridge Bus Service","Chicago, IL--IN",16264,2024,Bus,DO,2337.89,8671746.0,2.0,14000.0,Annual Total,8955.0,900.0,1488.0
"Triton College, dba: Success Express","Chicago, IL--IN",16264,2024,Bus,DO,2337.89,8671746.0,1.0,10644.0,Annual Total,9478.0,557.0,9753.0
Chicago State University,"Chicago, IL--IN",16264,2024,Bus,DO,2337.89,8671746.0,7.0,1500.0,Annual Total,2708.0,972.0,2342.0
"Menominee Indian Tribe of Wisconsin, dba: Menominee Regional Public Transit",Wisconsin Non-UZA,55,2024,Bus,DO,0.0,2782206.0,,,Annual Total,364593.0,18349.0,47735.0
"Fond du Lac Reservation, dba: FDL Transit",Minnesota Non-UZA,27,2024,Bus,DO,0.0,2336986.0,,,Annual Total,21045.0,584.0,567.0
"Bois Forte Band of Chippewa, dba: Big Woods Transit",Minnesota Non-UZA,27,2024,Commuter Bus,DO,0.0,2336986.0,,,Annual Total,165591.0,4724.0,8757.0
Leech Lake Band of Ojibwe,Minnesota Non-UZA,27,2024,Bus,DO,0.0,2336986.0,,,Annual Total,57580.0,3211.0,4604.0
"White Earth Band of Chippewa, dba: White Earth Public Transit",Minnesota Non-UZA,27,2024,Bus,DO,0.0,2336986.0,,,Annual Total,475955.0,16262.0,25616.0
"Bad River Band of Lake Superior Tribe of Chippewa, dba: Bad River Tribe",Wisconsin Non-UZA,55,2024,Bus,DO,0.0,2782206.0,,,Annual Total,227498.0,8610.0,34714.0
"City of Cincinnati, dba: The Connector","Cincinnati, OH--KY",16885,2024,Streetcar Rail,PT,752.28,1686744.0,3.0,21692.0,Annual Total,89389.0,14342.0,1159008.0
"City of Milwaukee, dba: Milwaukee Streetcar System - The Hop Streetcar MKE","Milwaukee, WI",57466,2024,Streetcar Rail,PT,463.68,1306795.0,1.0,12954.0,Annual Total,98020.0,17739.0,369959.0
"Central Community Transit Joint Powers Board, dba: Central Community Transit",,,2024,Bus,DO,0.0,,,,Annual Total,106386.0,7898.0,23874.0
"Oneida-Vilas Transit Commission, dba: Northwoods Transit Connections",,,2024,Bus,DO,0.0,,,,Annual Total,67442.0,2504.0,1227.0
"Faribault-Martin Counties Joint Powers, dba: Prairie Lakes Transit",,,2024,Bus,DO,0.0,,,,Annual Total,72726.0,7908.0,21549.0
Western-Washtenaw Area Value Express,,,2024,Bus,DO,0.0,,,,Annual Total,154019.0,12098.0,15568.0
"Washington County Commissioners, dba: Community Action Bus Lines",,,2024,Bus,PT,0.0,,53.0,25000.0,Annual Total,47386.0,4559.0,6113.0
"United Community Action Partnership, Inc., dba: Community Transit",,,2024,Bus,DO,0.0,,,,Annual Total,50513.0,4584.0,11447.0
"City of Amarillo, dba: Amarillo City Transit","Amarillo, TX",1927,2024,Bus,DO,83.99,205860.0,74.0,200393.0,Annual Total,521340.0,37031.0,195508.0
"City of El Paso, dba: Sun Metro","El Paso, TX--NM",27253,2024,Bus,DO,255.88,854584.0,234.0,772374.0,Annual Total,5010505.0,393874.0,6003325.0
"City of El Paso, dba: Sun Metro","El Paso, TX--NM",27253,2024,Bus,PT,255.88,854584.0,234.0,772374.0,Annual Total,832113.0,41164.0,198594.0
"City of El Paso, dba: Sun Metro","El Paso, TX--NM",27253,2024,Streetcar Rail,DO,255.88,854584.0,234.0,772374.0,Annual Total,66831.0,9497.0,240289.0
"Fort Worth Transportation Authority, dba: Trinity Metro","Dallas--Fort Worth--Arlington, TX",22042,2024,Commuter Rail,PT,1746.9,5732354.0,350.0,927285.0,Annual Total,2480706.0,127274.0,779769.0
"Fort Worth Transportation Authority, dba: Trinity Metro","Dallas--Fort Worth--Arlington, TX",22042,2024,Bus,DO,1746.9,5732354.0,350.0,927285.0,Annual Total,5714429.0,473656.0,4532387.0
"Fort Worth Transportation Authority, dba: Trinity Metro","Dallas--Fort Worth--Arlington, TX",22042,2024,Bus,PT,1746.9,5732354.0,350.0,927285.0,Annual Total,214091.0,12152.0,88419.0
"Metropolitan Transit Authority of Harris County, Texas , dba: METRO","Houston, TX",40429,2024,Commuter Bus,DO,1752.69,5853575.0,1309.0,4038849.0,Annual Total,5193857.0,203230.0,2892116.0
"Metropolitan Transit Authority of Harris County, Texas , dba: METRO","Houston, TX",40429,2024,Commuter Bus,PT,1752.69,5853575.0,1309.0,4038849.0,Annual Total,1333339.0,46028.0,740695.0
"Metropolitan Transit Authority of Harris County, Texas , dba: METRO","Houston, TX",40429,2024,Light Rail,DO,1752.69,5853575.0,1309.0,4038849.0,Annual Total,3117500.0,258892.0,13652169.0
"Metropolitan Transit Authority of Harris County, Texas , dba: METRO","Houston, TX",40429,2024,Bus,DO,1752.69,5853575.0,1309.0,4038849.0,Annual Total,29268049.0,2316876.0,44535336.0
"Metropolitan Transit Authority of Harris County, Texas , dba: METRO","Houston, TX",40429,2024,Bus,PT,1752.69,5853575.0,1309.0,4038849.0,Annual Total,8049144.0,627132.0,11304513.0
"Metropolitan Transit Authority of Harris County, Texas , dba: METRO","Houston, TX",40429,2024,Bus Rapid Transit,DO,1752.69,5853575.0,1309.0,4038849.0,Annual Total,241722.0,29268.0,238215.0
"City of Laredo , dba: Laredo Transit Management Inc.","Laredo, TX",47854,2024,Bus,DO,64.2,251462.0,59.0,254042.0,Annual Total,1698960.0,150506.0,1826935.0
"City of Lubbock, dba: Citibus","Lubbock, TX",51877,2024,Bus,DO,106.27,272280.0,144.0,268416.0,Annual Total,1334487.0,110375.0,2455625.0
"VIA Metropolitan Transit, dba: VIA","San Antonio, TX",78580,2024,Bus,DO,613.44,1992689.0,1210.0,1940756.0,Annual Total,17946576.0,1407796.0,28947825.0
"City of Waco, dba: Waco Transit System, Inc.","Waco, TX",91027,2024,Bus,DO,89.88,192844.0,99.0,197594.0,Annual Total,749202.0,49312.0,789667.0
"City of Port Arthur , dba: Port Arthur Transit","Port Arthur, TX",70993,2024,Bus,DO,66.46,116819.0,39.0,57755.0,Annual Total,331759.0,18629.0,91958.0
"City of Brownsville , dba: Brownsville Metro","Brownsville, TX",10972,2024,Bus,DO,62.1,216444.0,67.0,181860.0,Annual Total,881177.0,69823.0,1275051.0
"City of Galveston , dba: Galveston Island Transit","Galveston--Texas City, TX",32491,2024,Bus,DO,108.98,191863.0,32.0,50307.0,Annual Total,228420.0,18027.0,217071.0
"City of Galveston , dba: Galveston Island Transit","Galveston--Texas City, TX",32491,2024,Streetcar Rail,DO,108.98,191863.0,32.0,50307.0,Annual Total,5211.0,1275.0,16055.0
"City of Beaumont, dba: Beaumont Municipal Transit System","Beaumont, TX",6058,2024,Bus,PT,96.1,146649.0,41.0,82731.0,Annual Total,666440.0,46615.0,303164.0
"Central Oklahoma Transportation and Parking Authority, dba: EMBARK","Oklahoma City, OK",65080,2024,Ferryboat,PT,421.73,982276.0,283.0,783134.0,Annual Total,3224.0,807.0,2286.0
"Central Oklahoma Transportation and Parking Authority, dba: EMBARK","Oklahoma City, OK",65080,2024,Bus,DO,421.73,982276.0,283.0,783134.0,Annual Total,3159503.0,207751.0,2716793.0
"Central Oklahoma Transportation and Parking Authority, dba: EMBARK","Oklahoma City, OK",65080,2024,Bus Rapid Transit,DO,421.73,982276.0,283.0,783134.0,Annual Total,270235.0,24654.0,238663.0
"Central Oklahoma Transportation and Parking Authority, dba: EMBARK","Oklahoma City, OK",65080,2024,Streetcar Rail,PT,421.73,982276.0,283.0,783134.0,Annual Total,155871.0,24978.0,234594.0
"Metropolitan Tulsa Transit Authority, dba: Tulsa Transit, MetroLink Tulsa","Tulsa, OK",88948,2024,Bus,DO,338.32,722810.0,249.0,511352.0,Annual Total,2784561.0,184188.0,2047122.0
"City of Albuquerque, dba: ABQRIDE","Albuquerque, NM",1171,2024,Bus,DO,263.07,769837.0,235.0,661629.0,Annual Total,2847240.0,214662.0,4397945.0
"City of Albuquerque, dba: ABQRIDE","Albuquerque, NM",1171,2024,Bus Rapid Transit,DO,263.07,769837.0,235.0,661629.0,Annual Total,706680.0,56953.0,2315206.0
Capital Area Transit System,"Baton Rouge, LA",5680,2024,Bus,DO,396.34,631326.0,211.0,367124.0,Annual Total,2431598.0,198281.0,1450616.0
"City of Lake Charles, dba: City Of Lake Charles Transit","Lake Charles, LA",46531,2024,Bus,DO,127.74,162501.0,43.0,73474.0,Annual Total,142094.0,11492.0,89544.0
"City of Shreveport, dba: SporTran","Shreveport, LA",81739,2024,Bus,DO,180.84,288052.0,61.0,275213.0,Annual Total,2113887.0,129367.0,4190778.0
City of Alexandria,"Alexandria, LA",1279,2024,Bus,DO,64.71,78305.0,28.0,59659.0,Annual Total,540609.0,33891.0,337689.0
"City of Monroe , dba: Monroe Transit","Monroe, LA",58330,2024,Bus,DO,90.97,119964.0,31.0,47906.0,Annual Total,415329.0,27143.0,684566.0
New Orleans Regional Transit Authority,"New Orleans, LA",62677,2024,Ferryboat,PT,270.27,963212.0,103.0,487524.0,Annual Total,18889.0,9444.0,836782.0
New Orleans Regional Transit Authority,"New Orleans, LA",62677,2024,Bus,DO,270.27,963212.0,103.0,487524.0,Annual Total,5603314.0,474766.0,9526069.0
New Orleans Regional Transit Authority,"New Orleans, LA",62677,2024,Streetcar Rail,DO,270.27,963212.0,103.0,487524.0,Annual Total,805047.0,139722.0,3518666.0
"Rock Region Metropolitan Transit Authority, dba: Rock Region METRO","Little Rock, AR",50392,2024,Bus,DO,267.82,461864.0,126.0,235305.0,Annual Total,1672493.0,120212.0,1746467.0
"Rock Region Metropolitan Transit Authority, dba: Rock Region METRO","Little Rock, AR",50392,2024,Streetcar Rail,DO,267.82,461864.0,126.0,235305.0,Annual Total,30254.0,6885.0,66442.0
"City of Pine Bluff, dba: Pine Bluff Transit",Arkansas Non-UZA,5,2024,Bus,DO,0.0,1787552.0,31.0,39123.0,Annual Total,154616.0,8023.0,34009.0
"City of Wichita Falls , dba: FallsRide","Wichita Falls, TX",95104,2024,Bus,DO,50.78,97039.0,71.0,102691.0,Annual Total,522965.0,35080.0,252739.0
"Lafayette City-Parish Consolidated Government, dba: Lafayette Transit System","Lafayette, LA",46045,2024,Bus,DO,161.2,227316.0,49.0,249750.0,Annual Total,795822.0,47442.0,1512681.0
"City of Abilene , dba: CityLink","Abilene, TX",280,2024,Bus,DO,61.97,118138.0,110.0,125182.0,Annual Total,338286.0,24753.0,310567.0
"Capital Metropolitan Transportation Authority, dba: Capital Metro","Austin, TX",4384,2024,Commuter Bus,PT,619.62,1809888.0,549.0,1387423.0,Annual Total,212998.0,9211.0,131275.0
"Capital Metropolitan Transportation Authority, dba: Capital Metro","Austin, TX",4384,2024,Bus,PT,619.62,1809888.0,549.0,1387423.0,Annual Total,14377096.0,1291411.0,24335001.0
"Capital Metropolitan Transportation Authority, dba: Capital Metro","Austin, TX",4384,2024,Hybrid Rail,PT,619.62,1809888.0,549.0,1387423.0,Annual Total,710943.0,30149.0,540807.0
"City of Las Cruces NM, dba: RoadRUNNER Transit","Las Cruces, NM",47935,2024,Bus,DO,64.47,139338.0,55.0,120316.0,Annual Total,658543.0,50238.0,699631.0
"Corpus Christi Regional Transportation Authority, dba: The B","Corpus Christi, TX",20287,2024,Bus,DO,129.27,339066.0,846.0,339048.0,Annual Total,2416219.0,182051.0,3163219.0
"Corpus Christi Regional Transportation Authority, dba: The B","Corpus Christi, TX",20287,2024,Bus,PT,129.27,339066.0,846.0,339048.0,Annual Total,666255.0,42827.0,248958.0
Dallas Area Rapid Transit,"Dallas--Fort Worth--Arlington, TX",22042,2024,Commuter Rail,PT,1746.9,5732354.0,698.0,2530800.0,Annual Total,1206854.0,71399.0,1270112.0
Dallas Area Rapid Transit,"Dallas--Fort Worth--Arlington, TX",22042,2024,Light Rail,DO,1746.9,5732354.0,698.0,2530800.0,Annual Total,10213780.0,541258.0,22102282.0
Dallas Area Rapid Transit,"Dallas--Fort Worth--Arlington, TX",22042,2024,Bus,DO,1746.9,5732354.0,698.0,2530800.0,Annual Total,25502282.0,2025179.0,29091210.0
Dallas Area Rapid Transit,"Dallas--Fort Worth--Arlington, TX",22042,2024,Streetcar Rail,DO,1746.9,5732354.0,698.0,2530800.0,Annual Total,69122.0,10538.0,167645.0
"St. Bernard Parish, dba: St. Bernard Urban Rapid Transit","New Orleans, LA",62677,2024,Bus,DO,270.27,963212.0,24.0,43764.0,Annual Total,77403.0,4338.0,29458.0
Brazos Transit District,"College Station--Bryan, TX",18748,2024,Bus,DO,81.63,206137.0,74.0,132500.0,Annual Total,947187.0,55461.0,417765.0
"University of Arkansas, Fayetteville, dba: Razorback Transit","Fayetteville--Springdale--Rogers, AR--MO",29494,2024,Bus,DO,198.27,373687.0,18.0,93949.0,Annual Total,440671.0,41832.0,1308229.0
Ozark Regional Transit,"Fayetteville--Springdale--Rogers, AR--MO",29494,2024,Bus,DO,198.27,373687.0,3253.0,467570.0,Annual Total,838296.0,57195.0,301719.0
"City of Santa Fe, dba: Santa Fe Trails","Santa Fe, NM",79363,2024,Bus,DO,46.8,94241.0,41.0,85627.0,Annual Total,525167.0,47796.0,363965.0
"Terrebonne Parish Consolidated Government, dba: Good Earth Transit","Houma, LA",40375,2024,Bus,DO,94.89,145482.0,57.0,82939.0,Annual Total,192852.0,9580.0,47763.0
"City of Longview, dba: City of Longview Transit","Longview, TX",51256,2024,Bus,DO,90.26,107099.0,44.0,80445.0,Annual Total,357864.0,21401.0,132803.0
"City of Fort Smith, dba: Fort Smith Transit","Fort Smith, AR--OK",30925,2024,Bus,DO,73.97,125811.0,65.0,86209.0,Annual Total,303985.0,20675.0,234790.0
"Jefferson Parish, dba: Jefferson Transit","New Orleans, LA",62677,2024,Bus,PT,270.27,963212.0,94.0,440781.0,Annual Total,1553985.0,109895.0,1340310.0
"City of Tyler, dba: Tyler Transit","Tyler, TX",89326,2024,Bus,DO,81.53,131028.0,56.0,110490.0,Annual Total,360132.0,23830.0,169700.0
Lower Rio Grande Valley Development Council,"McAllen, TX",52390,2024,Bus,DO,326.22,779553.0,4645.0,1162453.0,Annual Total,1997409.0,88056.0,323182.0
"Hill Country Transit District, dba: The Hop","Killeen, TX",44992,2024,Commuter Bus,DO,100.42,257222.0,8455.0,570189.0,Annual Total,146619.0,5395.0,10391.0
"Hill Country Transit District, dba: The Hop","Killeen, TX",44992,2024,Bus,DO,100.42,257222.0,8455.0,570189.0,Annual Total,301699.0,19445.0,175378.0
"Texarkana Urban Transit District, dba: T-Line","Texarkana, TX--AR",87193,2024,Bus,DO,66.64,78744.0,73.0,83469.0,Annual Total,344776.0,21406.0,252966.0
"City of Lawton  , dba: Lawton Area Transit System","Lawton, OK",48394,2024,Bus,DO,46.83,87464.0,42.0,91247.0,Annual Total,435250.0,34387.0,238558.0
"Golden Crescent Regional Planning Commission, dba: Victoria Transit","Victoria, TX",90514,2024,Commuter Bus,DO,33.6,65986.0,37.0,65534.0,Annual Total,334949.0,11951.0,124832.0
"Golden Crescent Regional Planning Commission, dba: Victoria Transit","Victoria, TX",90514,2024,Bus,DO,33.6,65986.0,37.0,65534.0,Annual Total,329558.0,19736.0,103979.0
"Midland-Odessa Urban Transit District, dba: EZ-Rider","Odessa, TX",64864,2024,Commuter Bus,DO,86.0,154818.0,37.0,99940.0,Annual Total,139372.0,3241.0,5499.0
"Midland-Odessa Urban Transit District, dba: EZ-Rider","Odessa, TX",64864,2024,Bus,DO,86.0,154818.0,37.0,99940.0,Annual Total,690389.0,43798.0,242539.0
"City of McAllen , dba: Metro McAllen","McAllen, TX",52390,2024,Bus,DO,326.22,779553.0,49.0,129877.0,Annual Total,559380.0,42617.0,658712.0
"City of Farmington, dba: Red Apple Transit","Farmington, NM",29278,2024,Bus,PT,32.62,51763.0,306.0,97332.0,Annual Total,256641.0,18508.0,77102.0
Denton County Transportation Authority,"Denton--Lewisville, TX",23500,2024,Bus,DO,150.48,429461.0,147.0,539422.0,Annual Total,718898.0,59665.0,1785296.0
Denton County Transportation Authority,"Denton--Lewisville, TX",23500,2024,Hybrid Rail,PT,150.48,429461.0,147.0,539422.0,Annual Total,769645.0,36340.0,261518.0
Concho Valley Transit District,"San Angelo, TX",78553,2024,Bus,DO,49.27,99982.0,15355.0,162152.0,Annual Total,395118.0,23755.0,215569.0
"Fort Bend County, Texas, dba: Fort Bend Transit","Houston, TX",40429,2024,Commuter Bus,PT,1752.69,5853575.0,861.0,822779.0,Annual Total,623620.0,23148.0,204705.0
"City of Jonesboro , dba: JET","Jonesboro, AR",43345,2024,Bus,DO,46.49,73781.0,81.0,80650.0,Annual Total,204325.0,11804.0,91817.0
"City of Hot Springs, dba: Hot Springs Intracity Transit","Hot Springs, AR",40213,2024,Bus,DO,50.28,59133.0,35.0,37930.0,Annual Total,170060.0,11868.0,142134.0
"Harris County, dba: Harris County Transit","Houston, TX",40429,2024,Commuter Bus,PT,1752.69,5853575.0,1703.0,4888913.0,Annual Total,38298.0,993.0,3114.0
"Harris County, dba: Harris County Transit","Houston, TX",40429,2024,Bus,PT,1752.69,5853575.0,1703.0,4888913.0,Annual Total,673981.0,37411.0,118289.0
Rio Metro Regional Transit District,"Albuquerque, NM",1171,2024,Commuter Bus,PT,263.07,769837.0,990.0,982474.0,Annual Total,257150.0,10247.0,39293.0
Rio Metro Regional Transit District,"Albuquerque, NM",1171,2024,Commuter Rail,PT,263.07,769837.0,990.0,982474.0,Annual Total,1515994.0,42115.0,593723.0
Rio Metro Regional Transit District,"Albuquerque, NM",1171,2024,Bus,DO,263.07,769837.0,990.0,982474.0,Annual Total,149004.0,8137.0,16620.0
City of Cleburne,"Dallas--Fort Worth--Arlington, TX",22042,2024,Commuter Bus,DO,1746.9,5732354.0,725.0,171361.0,Annual Total,21310.0,758.0,661.0
STAR Transit,"Dallas--Fort Worth--Arlington, TX",22042,2024,Bus,DO,1746.9,5732354.0,981.0,464887.0,Annual Total,150592.0,8097.0,48329.0
"City of Edmond, dba: Citylink","Oklahoma City, OK",65080,2024,Commuter Bus,PT,421.73,982276.0,90.0,98103.0,Annual Total,16602.0,723.0,6346.0
"City of Edmond, dba: Citylink","Oklahoma City, OK",65080,2024,Bus,PT,421.73,982276.0,90.0,98103.0,Annual Total,266455.0,21846.0,143122.0
City of Round Rock,"Austin, TX",4384,2024,Bus,PT,619.62,1809888.0,67.0,173490.0,Annual Total,123445.0,7420.0,51569.0
"City of Conroe, dba: Conroe Connection","The Woodlands--Conroe, TX",87300,2024,Commuter Bus,PT,219.14,402454.0,78.0,113912.0,Annual Total,45408.0,1376.0,22114.0
"City of Conroe, dba: Conroe Connection","The Woodlands--Conroe, TX",87300,2024,Bus,DO,219.14,402454.0,78.0,113912.0,Annual Total,143484.0,11744.0,68634.0
"Alamo Area Council of Governments, dba: Alamo Regional Transit","New Braunfels, TX",61948,2024,Bus,DO,50.43,100736.0,11218.0,607539.0,Annual Total,137472.0,8597.0,38648.0
McKinney Avenue Transit Authority,"Dallas--Fort Worth--Arlington, TX",22042,2024,Streetcar Rail,DO,1746.9,5732354.0,5.0,19942.0,Annual Total,67067.0,15426.0,361451.0
The Woodlands Township,"The Woodlands--Conroe, TX",87300,2024,Commuter Bus,PT,219.14,402454.0,454.0,604068.0,Annual Total,607176.0,16917.0,292148.0
The Woodlands Township,"The Woodlands--Conroe, TX",87300,2024,Bus,DO,219.14,402454.0,454.0,604068.0,Annual Total,97259.0,13733.0,200655.0
"North Central Regional Transit District, dba: North Central RTD","Santa Fe, NM",79363,2024,Bus,DO,46.8,94241.0,10115.0,295718.0,Annual Total,904961.0,41834.0,103126.0
Ark-Tex Council of Governments,,,2024,Bus,DO,0.0,,,,Annual Total,93915.0,5952.0,42386.0
Kleberg County,,,2024,Bus,DO,0.0,,,,Annual Total,20768.0,2005.0,7908.0
"Grant County, dba: Corre Caminos Transit",,,2024,Bus,DO,0.0,,,,Annual Total,150426.0,7570.0,59431.0
City of Del Rio,,,2024,Bus,DO,0.0,,,,Annual Total,42005.0,3656.0,12376.0
"South Plains Community Action Association, Inc., dba: SPARTAN Public Transportation",,,2024,Commuter Bus,DO,0.0,,,,Annual Total,90066.0,2125.0,21359.0
OSU-Stillwater Community Transit,,,2024,Bus,DO,0.0,,,,Annual Total,547272.0,31049.0,327580.0
City of Eureka Springs,,,2024,Bus,DO,0.0,,,,Annual Total,128717.0,9565.0,128699.0
"City of Roswell, dba: Roswell Transit",,,2024,Bus,DO,0.0,,,,Annual Total,177992.0,12298.0,80863.0
City of South Padre Island,,,2024,Bus,DO,0.0,,,,Annual Total,350713.0,20363.0,449898.0
"El Paso County , dba: El Paso Transportation Authority","El Paso, TX--NM",27253,2024,Commuter Bus,PT,255.88,854584.0,1013.0,865657.0,Annual Total,245520.0,6120.0,33704.0
"El Paso County , dba: El Paso Transportation Authority","El Paso, TX--NM",27253,2024,Bus,PT,255.88,854584.0,1013.0,865657.0,Annual Total,829395.0,43062.0,143823.0
"City of Carlsbad, dba: Carlsbad Municipal Transit System",,,2024,Bus,DO,0.0,,,,Annual Total,59599.0,6023.0,7235.0
"Webb County, dba: El Aguila Rural Transit",,,2024,Bus,DO,0.0,,725.0,159990.0,Annual Total,198165.0,10997.0,44846.0
East Texas Council of Governments,,,2024,Bus,DO,0.0,,981.0,384304.0,Annual Total,59354.0,3097.0,9822.0
"City of Hobbs, dba: Hobbs Express",,,2024,Bus,DO,0.0,,,,Annual Total,81508.0,6618.0,36486.0
Tangipahoa Voluntary Council on Aging,"Hammond, LA",36514,2024,Bus,DO,76.42,72526.0,791.0,137048.0,Annual Total,45434.0,3556.0,6686.0
"Muskogee County Public Transit Authority, dba: Muskogee County Transit",,,2024,Bus,DO,0.0,,,,Annual Total,86772.0,5982.0,15292.0
"Zia Therapy Center, Inc., dba: ZTrans","Las Cruces, NM",47935,2024,Bus,DO,64.47,139338.0,800.0,184904.0,Annual Total,442699.0,16479.0,90506.0
"Logan County Historical Society, dba: First Capital Trolley",,,2024,Bus,DO,0.0,,,,Annual Total,20198.0,916.0,2791.0
"Incorporated County of Los Alamos, dba: Atomic City Transit",,,2024,Bus,DO,0.0,,,,Annual Total,405192.0,22261.0,257562.0
"The Community Pantry, dba: Gallup Express",,,2024,Bus,DO,0.0,,,,Annual Total,151702.0,10728.0,39233.0
Colorado Valley Transit District,,,2024,Bus,DO,0.0,,,,Annual Total,237566.0,16753.0,33662.0
Southwest Area Regional Transit District,"Eagle Pass, TX",25498,2024,Bus,DO,21.14,54083.0,11100.0,117142.0,Annual Total,33757.0,5333.0,36932.0
"Texas State University, dba: Bobcat Shuttle","San Marcos, TX",79201,2024,Bus,PT,24.44,70801.0,23.0,71569.0,Annual Total,685998.0,60458.0,2456126.0
University of Texas Rio Grande Valley,"McAllen, TX",52390,2024,Bus,DO,326.22,779553.0,226.0,539192.0,Annual Total,506165.0,31281.0,274210.0
University of Texas Rio Grande Valley,"McAllen, TX",52390,2024,Bus,PT,326.22,779553.0,226.0,539192.0,Annual Total,371569.0,9085.0,183216.0
"South Texas College, dba: JagExpress","McAllen, TX",52390,2024,Bus,DO,326.22,779553.0,63.0,146593.0,Annual Total,39105.0,2393.0,7171.0
Gulf Coast Transit District,"Galveston--Texas City, TX",32491,2024,Commuter Bus,DO,108.98,191863.0,2483.0,716403.0,Annual Total,171308.0,5801.0,46922.0
Gulf Coast Transit District,"Galveston--Texas City, TX",32491,2024,Bus,DO,108.98,191863.0,2483.0,716403.0,Annual Total,243366.0,12058.0,74544.0
"Plaquemines Port, Harbor and Terminal District","New Orleans, LA",62677,2024,Ferryboat,DO,270.27,963212.0,4.0,26656.0,Annual Total,13883.0,7212.0,629214.0
"Pueblo of Santa Ana, dba: Santa Ana Transportation",New Mexico Non-UZA,35,2024,Bus,DO,0.0,978126.0,,,Annual Total,48016.0,3956.0,4925.0
"Muscogee (Creek) Nation, dba: Muscogee (Creek) Nation Transit",Oklahoma Non-UZA,40,2024,Bus,DO,0.0,1994607.0,,,Annual Total,18341.0,1613.0,3222.0
"Cheyenne & Arapaho Tribes , dba: Cheyenne and Arapaho Tribal Transit",Oklahoma Non-UZA,40,2024,Bus,DO,0.0,1994607.0,,,Annual Total,47109.0,1387.0,195.0
"Zuni Pueblo, dba: A:Shiwi Transit",New Mexico Non-UZA,35,2024,Bus,DO,0.0,978126.0,,,Annual Total,95609.0,4504.0,9392.0
"Capital Area Rural Transportation System, dba: CARTS",,,2024,Commuter Bus,DO,0.0,,,,Annual Total,526664.0,19735.0,45559.0
McLennan County,,,2024,Commuter Bus,DO,0.0,,15355.0,157849.0,Annual Total,63178.0,4277.0,6284.0
South Central Regional Transit District,"Las Cruces, NM",47935,2024,Bus,DO,64.47,139338.0,175.0,246198.0,Annual Total,442500.0,24481.0,132818.0
"City of Norman, dba: EMBARK Norman","Norman, OK",63433,2024,Bus,PT,45.96,120191.0,189.0,130674.0,Annual Total,270149.0,20657.0,379993.0
"City of San Marcos, dba: San Marcos Transit","San Marcos, TX",79201,2024,Commuter Bus,PT,24.44,70801.0,39.0,68580.0,Annual Total,78057.0,2494.0,13391.0
"City of San Marcos, dba: San Marcos Transit","San Marcos, TX",79201,2024,Bus,PT,24.44,70801.0,39.0,68580.0,Annual Total,220881.0,15219.0,76144.0
"City of Lincoln, dba: StarTran","Lincoln, NE",49933,2024,Bus,DO,94.17,291217.0,99.0,294757.0,Annual Total,1704830.0,121289.0,2170262.0
"Transit Authority of Omaha, dba: Metro","Omaha, NE--IA",65269,2024,Bus,DO,270.81,819508.0,237.0,656462.0,Annual Total,3843157.0,278607.0,3385717.0
"City of Springfield, dba: City Utilities of Springfield MO","Springfield, MO",83953,2024,Bus,DO,134.33,282651.0,95.0,186106.0,Annual Total,1093795.0,73850.0,1132382.0
Winnebago Tribe of Nebraska,Nebraska Non-UZA,31,2024,Bus,DO,0.0,846992.0,,,Annual Total,203107.0,4665.0,25292.0
Kansas City Area Transportation Authority,"Kansas City, MO--KS",43912,2024,Bus,DO,714.1,1674218.0,459.0,621956.0,Annual Total,5814285.0,472062.0,10967160.0
Kansas City Area Transportation Authority,"Kansas City, MO--KS",43912,2024,Bus Rapid Transit,DO,714.1,1674218.0,459.0,621956.0,Annual Total,358998.0,37254.0,953101.0
"Bi-State Development Agency of the Missouri-Illinois Metropolitan District, dba: (St. Louis) Metro","St. Louis, MO--IL",77770,2024,Light Rail,DO,910.37,2156323.0,558.0,1563103.0,Annual Total,4894974.0,214174.0,6752816.0
"Bi-State Development Agency of the Missouri-Illinois Metropolitan District, dba: (St. Louis) Metro","St. Louis, MO--IL",77770,2024,Bus,DO,910.37,2156323.0,558.0,1563103.0,Annual Total,11973112.0,863096.0,12728183.0
"City of Bettendorf, dba: Bettendorf Transit System","Davenport, IA--IL",22366,2024,Bus,DO,134.86,285211.0,22.0,39107.0,Annual Total,167433.0,9863.0,46327.0
"City of Cedar Rapids, dba: Cedar Rapids Transit","Cedar Rapids, IA",14752,2024,Bus,DO,86.03,192844.0,78.0,158890.0,Annual Total,1006591.0,61577.0,1123065.0
"City of Davenport, dba: Davenport Citibus","Davenport, IA--IL",22366,2024,Bus,DO,134.86,285211.0,26.0,101724.0,Annual Total,619831.0,48388.0,578572.0
Des Moines Area Regional Transit Authority,"Des Moines, IA",23743,2024,Bus,DO,224.74,542486.0,616.0,534049.0,Annual Total,2893826.0,207594.0,3335014.0
"City of Dubuque, dba: The Jule","Dubuque, IA--IL",24823,2024,Bus,DO,34.17,70332.0,26.0,60140.0,Annual Total,399816.0,31076.0,346759.0
"City of Sioux City, dba: Sioux City Transit System","Sioux City, IA--NE--SD",82225,2024,Bus,DO,55.03,113066.0,40.0,95097.0,Annual Total,601842.0,45503.0,653477.0
"Metropolitan Transit Authority of Black Hawk County, dba: MET Transit","Waterloo, IA",92593,2024,Bus,DO,63.71,114139.0,51.0,108519.0,Annual Total,484961.0,33236.0,190997.0
"Topeka Metropolitan Transit Authority, dba: Topeka Metro","Topeka, KS",88084,2024,Bus,DO,84.24,148956.0,58.0,127473.0,Annual Total,786767.0,50975.0,929053.0
"City of Wichita , dba: Wichita Transit","Wichita, KS",95077,2024,Bus,DO,226.84,500231.0,164.0,395745.0,Annual Total,1738411.0,118517.0,1158923.0
"City of Columbia, dba: GoCOMO","Columbia, MO",18937,2024,Bus,DO,67.2,141831.0,61.0,126853.0,Annual Total,227317.0,19539.0,621662.0
"City of Iowa City, dba: Iowa City Transit","Iowa City, IA",41590,2024,Bus,DO,50.83,126810.0,26.0,75671.0,Annual Total,777789.0,66533.0,1505184.0
University of Iowa,"Iowa City, IA",41590,2024,Bus,DO,50.83,126810.0,30.0,79240.0,Annual Total,565738.0,58628.0,2582364.0
"City of Coralville, dba: Coralville Transit System","Iowa City, IA",41590,2024,Bus,DO,50.83,126810.0,36.0,44524.0,Annual Total,195792.0,16425.0,338871.0
"City of St. Joseph, Missouri, dba: St Joseph Transit","St. Joseph, MO--KS",77743,2024,Bus,DO,44.35,77187.0,39.0,71362.0,Annual Total,647585.0,49947.0,224467.0
"Johnson County Kansas, dba: Johnson County Transit","Kansas City, MO--KS",43912,2024,Commuter Bus,PT,714.1,1674218.0,135.0,384054.0,Annual Total,103805.0,7428.0,19080.0
"Johnson County Kansas, dba: Johnson County Transit","Kansas City, MO--KS",43912,2024,Bus,PT,714.1,1674218.0,135.0,384054.0,Annual Total,1113481.0,47997.0,362872.0
"City of Joplin, dba: Metro Area Public Transit System","Joplin, MO",43399,2024,Bus,DO,60.53,86679.0,105.0,115490.0,Annual Total,0.0,0.0,0.0
"Ames Transit Agency, dba: CyRide","Ames, IA",2062,2024,Bus,DO,22.36,66342.0,15.0,54445.0,Annual Total,1320410.0,128244.0,4700906.0
"City of Jefferson, dba: JEFFTRAN","Jefferson City, MO",42967,2024,Bus,DO,34.46,50775.0,36.0,43228.0,Annual Total,291549.0,16998.0,130703.0
"University of Kansas, dba: KU Transportation Services","Lawrence, KS",48232,2024,Bus,PT,29.92,94998.0,15.0,94930.0,Annual Total,333935.0,34738.0,1628191.0
"City of Independence, dba: IndeBus","Kansas City, MO--KS",43912,2024,Bus,PT,714.1,1674218.0,78.0,116830.0,Annual Total,211733.0,15814.0,362412.0
"Unified Government of Wyandotte County and Kansas City, KS, dba: RideKC","Kansas City, MO--KS",43912,2024,Bus,DO,714.1,1674218.0,152.0,167046.0,Annual Total,286324.0,22352.0,182784.0
"City of Lawrence, dba: Lawrence Transit","Lawrence, KS",48232,2024,Bus,PT,29.92,94998.0,38.0,96207.0,Annual Total,844716.0,66777.0,829366.0
River Bend Transit,"Davenport, IA--IL",22366,2024,Bus,DO,134.86,285211.0,2185.0,564324.0,Annual Total,63659.0,3655.0,8890.0
"Southeast Missouri State University, dba: Southeast Transit Service","Cape Girardeau, MO--IL",13537,2024,Bus,DO,31.22,55546.0,6.0,19687.0,Annual Total,76999.0,4893.0,128221.0
Cape Girardeau County Transit Authority,"Cape Girardeau, MO--IL",13537,2024,Bus,DO,31.22,55546.0,579.0,82899.0,Annual Total,67127.0,3987.0,13602.0
"Flint Hills Area Transportation Agency, Inc, dba: ATABUS","Manhattan, KS",53848,2024,Bus,DO,25.84,60454.0,1836.0,133834.0,Annual Total,372537.0,30229.0,147778.0
Loop Trolley Transportation Development District,"St. Louis, MO--IL",77770,2024,Streetcar Rail,PT,910.37,2156323.0,5.0,50580.0,Annual Total,3307.0,791.0,12348.0
"Developmental Services of Northwest Kansas, Inc., dba: Access Transportation",,,2024,Bus,DO,0.0,,,,Annual Total,9070.0,631.0,4495.0
"Finney County, dba: Finney County Public Transit",,,2024,Bus,DO,0.0,,,,Annual Total,178225.0,12313.0,58903.0
Southeast Kansas Community Action Program,,,2024,Bus,DO,0.0,,,,Annual Total,50683.0,4328.0,26579.0
"City of Marshalltown, dba: Marshalltown Municipal Transit",,,2024,Bus,DO,0.0,,,,Annual Total,114573.0,8284.0,121689.0
"City of Muscatine, dba: MuscaBus",,,2024,Bus,DO,0.0,,,,Annual Total,139732.0,11868.0,88493.0
"City of Fort Dodge, dba: Dodger Area Rapid Transit",,,2024,Bus,PT,0.0,,,,Annual Total,188732.0,13660.0,86898.0
"City of Burlington, dba: Burlington Urban Service",,,2024,Bus,DO,0.0,,,,Annual Total,177893.0,17216.0,120054.0
"East Central Iowa Council of Governments, dba: Corridor Rides","Iowa City, IA",41590,2024,Commuter Bus,PT,50.83,126810.0,26.0,74950.0,Annual Total,346158.0,11088.0,89111.0
"City of Dodge City, dba: Dodge City Public Transportation",,,2024,Bus,DO,0.0,,,,Annual Total,133165.0,8909.0,22636.0
"OCCK, Inc.",,,2024,Bus,DO,0.0,,,,Annual Total,560085.0,35055.0,239115.0
"Community Concern , dba: North Fork Area Transit",,,2024,Bus,DO,0.0,,,,Annual Total,16757.0,525.0,2367.0
City of Excelsior Springs,,,2024,Bus,DO,0.0,,,,Annual Total,62250.0,5199.0,12253.0
City of Clinton,,,2024,Bus,DO,0.0,,,,Annual Total,271860.0,18643.0,233960.0
"Reno County, dba: Reno County Area Transit",,,2024,Bus,DO,0.0,,,,Annual Total,152524.0,10410.0,57216.0
"Scotts Bluff Public Transit, dba: Tri City Roadrunner",,,2024,Bus,DO,0.0,,,,Annual Total,163511.0,11489.0,19129.0
Kimball County Public Transit,,,2024,Bus,DO,0.0,,,,Annual Total,226146.0,3705.0,1633.0
"City of Liberal, dba: Liberal City Bus",,,2024,Bus,DO,0.0,,,,Annual Total,129363.0,9060.0,22327.0
"10-15 Regional Transit Agency, dba: 10-15 Transit",,,2024,Bus,DO,0.0,,,,Annual Total,202826.0,16279.0,82135.0
"Lyon County, dba: Lyon County Transportation",,,2024,Bus,DO,0.0,,,,Annual Total,30583.0,2665.0,5072.0
"City of Mason City, dba: Mason City Transit",,,2024,Bus,DO,0.0,,,,Annual Total,210261.0,18102.0,137481.0
"Kansas City, City of Missouri, dba: Kansas City Streetcar","Kansas City, MO--KS",43912,2024,Streetcar Rail,PT,714.1,1674218.0,2.0,11953.0,Annual Total,136202.0,19178.0,1806946.0
New Bourbon Regional Port Authority,,,2024,Ferryboat,DO,0.0,,,,Annual Total,1267.0,867.0,3333.0
Utah Transit Authority,"Salt Lake City, UT",78499,2024,Commuter Bus,DO,300.42,1178533.0,607.0,2539272.0,Annual Total,829596.0,38075.0,576587.0
Utah Transit Authority,"Salt Lake City, UT",78499,2024,Commuter Rail,DO,300.42,1178533.0,607.0,2539272.0,Annual Total,3971930.0,144894.0,4128460.0
Utah Transit Authority,"Salt Lake City, UT",78499,2024,Light Rail,DO,300.42,1178533.0,607.0,2539272.0,Annual Total,6920381.0,370478.0,13964839.0
Utah Transit Authority,"Salt Lake City, UT",78499,2024,Bus,DO,300.42,1178533.0,607.0,2539272.0,Annual Total,15995893.0,1323990.0,19644929.0
Utah Transit Authority,"Salt Lake City, UT",78499,2024,Bus,PT,300.42,1178533.0,607.0,2539272.0,Annual Total,339424.0,19411.0,100672.0
"City of Sioux Falls, dba: Sioux Area Metro","Sioux Falls, SD",82252,2024,Bus,PT,67.9,194283.0,65.0,192517.0,Annual Total,540645.0,46097.0,496460.0
"City of Fargo, dba: Metropolitan Area Transit","Fargo, ND--MN",29089,2024,Bus,PT,77.73,216214.0,45.0,173588.0,Annual Total,819013.0,72268.0,885891.0
"City of Billings, dba: Billings Metropolitan Transit System","Billings, MT",7705,2024,Bus,DO,54.7,128787.0,45.0,117116.0,Annual Total,785432.0,49811.0,385381.0
"City of Colorado Springs, dba: Mountain Metropolitan Transit","Colorado Springs, CO",18856,2024,Bus,PT,200.36,632494.0,131.0,417875.0,Annual Total,3099967.0,245237.0,2881979.0
"Denver Regional Transportation District, dba: RTD-Denver","Denver--Aurora, CO",23527,2024,Commuter Rail,DO,644.54,2686147.0,2342.0,3098079.0,Annual Total,707219.0,36778.0,1210384.0
"Denver Regional Transportation District, dba: RTD-Denver","Denver--Aurora, CO",23527,2024,Commuter Rail,PT,644.54,2686147.0,2342.0,3098079.0,Annual Total,5646064.0,247606.0,7120994.0
"Denver Regional Transportation District, dba: RTD-Denver","Denver--Aurora, CO",23527,2024,Light Rail,DO,644.54,2686147.0,2342.0,3098079.0,Annual Total,7401073.0,524860.0,11161755.0
"Denver Regional Transportation District, dba: RTD-Denver","Denver--Aurora, CO",23527,2024,Bus,DO,644.54,2686147.0,2342.0,3098079.0,Annual Total,14569035.0,1149197.0,27790030.0
"Denver Regional Transportation District, dba: RTD-Denver","Denver--Aurora, CO",23527,2024,Bus,PT,644.54,2686147.0,2342.0,3098079.0,Annual Total,11085476.0,977139.0,16251704.0
"City of Pueblo, dba: Pueblo Transit","Pueblo, CO",72613,2024,Bus,DO,54.7,120642.0,39.0,113460.0,Annual Total,538785.0,38607.0,559814.0
City of Grand Forks,"Grand Forks, ND--MN",34219,2024,Bus,DO,26.48,68160.0,35.0,68224.0,Annual Total,385024.0,36368.0,282270.0
"Missoula Urban Transportation District, dba: Mountain Line","Missoula, MT",57736,2024,Bus,DO,44.29,88109.0,70.0,76955.0,Annual Total,917635.0,74666.0,1221669.0
"Greeley, City Of, dba: Greeley Evans Transit","Greeley, CO",34786,2024,Bus,DO,37.3,137222.0,36.0,139706.0,Annual Total,626971.0,43495.0,751170.0
"City of Fort Collins, dba: Transfort","Fort Collins, CO",30628,2024,Bus,DO,117.98,326332.0,54.0,170376.0,Annual Total,1114901.0,82952.0,2037255.0
"City of Fort Collins, dba: Transfort","Fort Collins, CO",30628,2024,Bus,PT,117.98,326332.0,54.0,170376.0,Annual Total,100086.0,6544.0,15257.0
"City of Fort Collins, dba: Transfort","Fort Collins, CO",30628,2024,Bus Rapid Transit,DO,117.98,326332.0,54.0,170376.0,Annual Total,189185.0,18411.0,564545.0
Great Falls Transit District,"Great Falls, MT",34759,2024,Bus,DO,30.3,67097.0,20.0,64735.0,Annual Total,426046.0,33478.0,363628.0
"City of Casper, dba: Casper Area Transit","Casper, WY",14482,2024,Bus,DO,27.88,67751.0,27.0,57561.0,Annual Total,185107.0,15194.0,134817.0
"City of Rapid City, dba: Rapid Transit System","Rapid City, SD",73396,2024,Bus,DO,50.33,85679.0,56.0,82418.0,Annual Total,259973.0,19400.0,217193.0
"County of Mesa, dba: Grand Valley Transit","Grand Junction, CO",34273,2024,Bus,PT,75.61,135973.0,69.0,119423.0,Annual Total,775811.0,50607.0,601750.0
"Fort Peck Tribes , dba: Fort Peck Transit Dial-A-Ride",Montana Non-UZA,30,2024,Bus,DO,0.0,688772.0,,,Annual Total,62442.0,2047.0,10387.0
"Bis-Man Transit Board, dba: Bis-Man Transit","Bismarck, ND",7921,2024,Bus,PT,41.85,98198.0,56.0,103265.0,Annual Total,346255.0,21792.0,121538.0
"The City of Cheyenne, dba: Cheyenne Transit Program","Cheyenne, WY",16237,2024,Bus,DO,33.87,79250.0,18.0,64610.0,Annual Total,162876.0,11760.0,73428.0
"City of Loveland, Colorado, dba: City of Loveland Transit","Fort Collins, CO",30628,2024,Bus,DO,117.98,326332.0,46.0,79352.0,Annual Total,411371.0,23174.0,129983.0
"City of St. George, dba: SunTran","St. George, UT",77446,2024,Bus,DO,61.03,134109.0,47.0,94600.0,Annual Total,390145.0,25860.0,371666.0
"Cache Valley Transit District, dba: Connect Transit","Logan, UT",50959,2024,Bus,DO,47.72,113927.0,33.0,117065.0,Annual Total,1117769.0,72439.0,1457031.0
"University of Montana, dba: ASUM Transportation","Missoula, MT",57736,2024,Bus,DO,44.29,88109.0,10.0,40948.0,Annual Total,64996.0,6243.0,148142.0
"City of Black Hawk, dba: The Black Hawk & Central City Tramway",,,2024,Bus,PT,0.0,,,,Annual Total,66518.0,8850.0,147361.0
"Fremont County Association of Governments, dba: Wind River Transportation Authority",,,2024,Bus,DO,0.0,,,,Annual Total,156932.0,6306.0,10579.0
University of Wyoming,,,2024,Bus,DO,0.0,,,,Annual Total,262810.0,27652.0,320419.0
"Gunnison Valley Rural Transportation Authority, dba: Gunnison Valley RTA",,,2024,Commuter Bus,PT,0.0,,,,Annual Total,859128.0,29789.0,393006.0
"Eagle County, dba: ECO Transit",,,2024,Bus,DO,0.0,,,,Annual Total,973285.0,34460.0,1027297.0
Mountain Express,,,2024,Bus,DO,0.0,,,,Annual Total,173815.0,15333.0,600507.0
"Summit County, dba: Summit Stage",,,2024,Commuter Bus,DO,0.0,,,,Annual Total,227874.0,8348.0,79920.0
"Summit County, dba: Summit Stage",,,2024,Bus,DO,0.0,,,,Annual Total,1317492.0,72215.0,1285716.0
"Toole County, dba: Northern Transit Interlocal",,,2024,Bus,DO,0.0,,,,Annual Total,133048.0,3928.0,21008.0
"Town of Breckenridge, dba: Free Ride",,,2024,Bus,DO,0.0,,,,Annual Total,571608.0,50855.0,1208760.0
"Silver Bow County, dba: Butte Silver Bow Transit",,,2024,Bus,DO,0.0,,,,Annual Total,166066.0,10954.0,179735.0
"City of Steamboat Springs, dba: Steamboat Springs Transit",,,2024,Commuter Bus,DO,0.0,,,,Annual Total,120438.0,5247.0,42466.0
"City of Steamboat Springs, dba: Steamboat Springs Transit",,,2024,Bus,DO,0.0,,,,Annual Total,353114.0,26145.0,1094682.0
"Southern Teton Area Rapid Transit, dba: START Bus",,,2024,Bus,DO,0.0,,,,Annual Total,63948.0,2040.0,24780.0
"Southern Teton Area Rapid Transit, dba: START Bus",,,2024,Bus,DO,0.0,,,,Annual Total,741046.0,47137.0,789053.0
"Southern Teton Area Rapid Transit, dba: START Bus",,,2024,Bus,PT,0.0,,,,Annual Total,0.0,0.0,0.0
"Southern Teton Area Rapid Transit, dba: START Bus",,,2024,Bus,PT,0.0,,,,Annual Total,44928.0,1920.0,64991.0
"Southern Colorado Community Action Agency, Inc., dba: Road Runner Transit / Ignacio Senior Center",,,2024,Commuter Bus,DO,0.0,,,,Annual Total,190769.0,5066.0,5012.0
"Southern Colorado Community Action Agency, Inc., dba: Road Runner Transit / Ignacio Senior Center",,,2024,Bus,DO,0.0,,,,Annual Total,63885.0,2149.0,3239.0
"Senior Citizens Council, dba: Goose Creek Transit",,,2024,Bus,DO,0.0,,,,Annual Total,96529.0,7536.0,30439.0
Opportunity Link,,,2024,Bus,DO,0.0,,149.0,426230.0,Annual Total,117826.0,5292.0,31363.0
"City of Durango, dba: Durango Transit",,,2024,Bus,DO,0.0,,,,Annual Total,533002.0,27982.0,454919.0
"Flathead County , dba: Mountain Climber Transit",,,2024,Bus,DO,0.0,,,,Annual Total,24834.0,1016.0,5044.0
"Northeastern Colorado Association of Local Governments, dba: County Express / Prairie Express",,,2024,Bus,DO,0.0,,,,Annual Total,89451.0,6417.0,26878.0
"Human Resource Development Council District IX, Inc., dba: Galavan / Streamline","Bozeman, MT",9514,2024,Bus,PT,21.39,59080.0,13.0,57494.0,Annual Total,273560.0,20607.0,148397.0
Cedar City,,,2024,Bus,DO,0.0,,,,Annual Total,48374.0,3103.0,10290.0
"Big Sky Transportation District, dba: Skyline",,,2024,Bus,PT,0.0,,,,Annual Total,446065.0,20265.0,178268.0
"Town of Mountain Village, dba: Mountain Village Transit",,,2024,Bus,DO,0.0,,,,Annual Total,47842.0,3182.0,52555.0
"Town of Mountain Village, dba: Mountain Village Transit",,,2024,Aerial Tramway,DO,0.0,,,,Annual Total,4126465.0,369094.0,3126851.0
"City of Glenwood Springs, dba: Ride Glenwood Springs",,,2024,Bus,PT,0.0,,,,Annual Total,116048.0,10010.0,266588.0
Uintah Basin Association of Governments,,,2024,Bus,DO,0.0,,,,Annual Total,263712.0,11470.0,29004.0
"Town of Snowmass Village, dba: Village Shuttle",,,2024,Bus,DO,0.0,,,,Annual Total,356088.0,33622.0,488671.0
"Senior Resource Development Agency, Pueblo, Inc.","Pueblo, CO",72613,2024,Bus,DO,54.7,120642.0,2386.0,110841.0,Annual Total,256565.0,6730.0,6486.0
"City of Cripple Creek, dba: Cripple Creek Transit",,,2024,Bus,DO,0.0,,,,Annual Total,19840.0,2016.0,6706.0
"Archuleta County, dba: Mountain Express Transit",,,2024,Bus,DO,0.0,,,,Annual Total,55768.0,3709.0,8253.0
Park City Municipal Corporation,,,2024,Bus,DO,0.0,,,,Annual Total,1163720.0,92351.0,1681930.0
Roaring Fork Transportation Authority,,,2024,Commuter Bus,DO,0.0,,,,Annual Total,2054604.0,94428.0,1654599.0
Roaring Fork Transportation Authority,,,2024,Bus,DO,0.0,,,,Annual Total,877896.0,82655.0,1986538.0
Roaring Fork Transportation Authority,,,2024,Bus Rapid Transit,DO,0.0,,,,Annual Total,1703308.0,62968.0,1109421.0
"City of Minot , dba: Minot City Transit","Minot, ND",57655,2024,Bus,DO,26.67,50925.0,17.0,47759.0,Annual Total,187389.0,12753.0,81945.0
"Northern Cheyenne Tribe, dba: Northern Cheyenne Tribal Transit Program",Montana Non-UZA,30,2024,Bus,DO,0.0,688772.0,,,Annual Total,33622.0,1154.0,3668.0
Oglala Sioux Tribe,South Dakota Non-UZA,46,2024,Bus,DO,0.0,599629.0,4400.0,34044.0,Annual Total,297396.0,8532.0,12234.0
"Confederated Salish and Kootenai Tribes, dba: CSKT Transit",Montana Non-UZA,30,2024,Commuter Bus,DO,0.0,688772.0,,,Annual Total,138972.0,3245.0,2396.0
Chippewa Cree Tribe,Montana Non-UZA,30,2024,Bus,DO,0.0,688772.0,,,Annual Total,62243.0,1280.0,2846.0
"Fort Belknap Indian Community, dba: Fort Belknap Transit",Montana Non-UZA,30,2024,Bus,DO,0.0,688772.0,,,Annual Total,56598.0,1380.0,4801.0
"Crow Tribe of Indians, dba: Crow Nation Transit",Montana Non-UZA,30,2024,Bus,DO,0.0,688772.0,,,Annual Total,244005.0,6537.0,11171.0
Yankton Sioux Tribe,South Dakota Non-UZA,46,2024,Bus,DO,0.0,599629.0,,,Annual Total,74020.0,2956.0,2628.0
"Ute Tribe, dba: Ute Tribe Transit",Utah Non-UZA,49,2024,Bus,DO,0.0,647581.0,,,Annual Total,23349.0,955.0,483.0
"Montrose County Senior Citizens Transportation, Inc., dba: All Points Transit",,,2024,Bus,DO,0.0,,,,Annual Total,337691.0,19434.0,27359.0
"Town of Winter Park, dba: The Lift",,,2024,Commuter Bus,PT,0.0,,,,Annual Total,111399.0,5085.0,31458.0
"Town of Winter Park, dba: The Lift",,,2024,Bus,PT,0.0,,,,Annual Total,411779.0,26292.0,477864.0
"Town of Telluride, dba: Galloping Goose",,,2024,Bus,DO,0.0,,,,Annual Total,76414.0,9482.0,137932.0
"Town of Avon, dba: Avon Transit",,,2024,Bus,DO,0.0,,,,Annual Total,196994.0,14459.0,541155.0
"Teller Senior Coalition, dba: TSC Transit",,,2024,Bus,DO,0.0,,,,Annual Total,1860.0,235.0,776.0
High Valley Transit District,,,2024,Bus,DO,0.0,,,,Annual Total,929842.0,50651.0,832921.0
High Valley Transit District,,,2024,Bus,PT,0.0,,,,Annual Total,239600.0,19949.0,264536.0
"Town of Estes Park, dba: The Peak",,,2024,Bus,PT,0.0,,,,Annual Total,59770.0,5409.0,86819.0
"Disability Services, Inc., dba: Envida","Colorado Springs, CO",18856,2024,Bus,DO,200.36,632494.0,275.0,515853.0,Annual Total,52185.0,2338.0,1886.0
"Park County, dba: Windrider Transit",,,2024,Bus,DO,0.0,,,,Annual Total,37999.0,4399.0,5816.0
"San Miguel Authority for Regional Transportation, dba: SMART",,,2024,Commuter Bus,PT,0.0,,,,Annual Total,151357.0,5361.0,36529.0
"San Miguel Authority for Regional Transportation, dba: SMART",,,2024,Bus,PT,0.0,,,,Annual Total,95993.0,6825.0,46553.0
"Town of Vail, dba: Vail Transit",,,2024,Bus,DO,0.0,,,,Annual Total,793391.0,68493.0,2623386.0
"Clear Creek County, dba: RoundAbout",,,2024,Bus,DO,0.0,,,,Annual Total,107722.0,4216.0,19135.0
"Eagle Valley Transportation Authority, dba: Core Transit",,,2024,Bus,DO,0.0,,,,Annual Total,0.0,0.0,0.0
Regional Transportation Commission of Washoe County,"Reno, NV--CA",74179,2024,Commuter Bus,PT,165.43,446529.0,129.0,408550.0,Annual Total,99831.0,3309.0,20169.0
Regional Transportation Commission of Washoe County,"Reno, NV--CA",74179,2024,Bus,PT,165.43,446529.0,129.0,408550.0,Annual Total,2839608.0,255389.0,5290863.0
City and County of Honolulu,"Honolulu, HI",39889,2024,Heavy Rail,PT,144.97,853252.0,277.0,1016508.0,Annual Total,2379168.0,97722.0,1157841.0
City and County of Honolulu,"Honolulu, HI",39889,2024,Bus,PT,144.97,853252.0,277.0,1016508.0,Annual Total,18589023.0,1409350.0,41052559.0
"San Francisco Bay Area Rapid Transit District, dba: SF BART","San Francisco--Oakland, CA",78904,2024,Heavy Rail,DO,513.8,3515933.0,80.0,867725.0,Annual Total,71858025.0,2273862.0,53222212.0
"San Francisco Bay Area Rapid Transit District, dba: SF BART","San Francisco--Oakland, CA",78904,2024,Monorail/Automated Guideway,PT,513.8,3515933.0,80.0,867725.0,Annual Total,258320.0,19949.0,432021.0
"San Francisco Bay Area Rapid Transit District, dba: SF BART","San Francisco--Oakland, CA",78904,2024,Hybrid Rail,DO,513.8,3515933.0,80.0,867725.0,Annual Total,1113639.0,40079.0,1273133.0
Golden Empire Transit District,"Bakersfield, CA",4681,2024,Bus,DO,132.12,570235.0,149.0,554569.0,Annual Total,2551647.0,215553.0,3639198.0
Navajo Nation,Arizona Non-UZA,4,2024,Commuter Bus,DO,0.0,1296856.0,,,Annual Total,431181.0,12147.0,80219.0
Santa Cruz Metropolitan Transit District,"Santa Cruz, CA",79336,2024,Commuter Bus,DO,60.45,169038.0,445.0,271352.0,Annual Total,424962.0,15644.0,134499.0
Santa Cruz Metropolitan Transit District,"Santa Cruz, CA",79336,2024,Bus,DO,60.45,169038.0,445.0,271352.0,Annual Total,2253439.0,171783.0,3706882.0
"City of Santa Monica, dba: Big Blue Bus","Los Angeles--Long Beach--Anaheim, CA",51445,2024,Bus,DO,1636.83,12237376.0,69.0,1022273.0,Annual Total,3925400.0,429615.0,8604201.0
"San Mateo County Transit District, dba: SamTrans","San Francisco--Oakland, CA",78904,2024,Bus,DO,513.8,3515933.0,97.0,764442.0,Annual Total,4177512.0,416750.0,7915890.0
"San Mateo County Transit District, dba: SamTrans","San Francisco--Oakland, CA",78904,2024,Bus,PT,513.8,3515933.0,97.0,764442.0,Annual Total,1929825.0,162828.0,2075617.0
"City of Torrance, dba: Torrance Transit System","Los Angeles--Long Beach--Anaheim, CA",51445,2024,Bus,DO,1636.83,12237376.0,103.0,606911.0,Annual Total,1800382.0,147481.0,2037725.0
"Reno-Sparks Indian Colony, dba: Reno Sparks Indian Colony","Reno, NV--CA",74179,2024,Bus,DO,165.43,446529.0,,,Annual Total,69235.0,3952.0,8071.0
"San Joaquin Regional Transit District, dba: San Joaquin RTD","Stockton, CA",85087,2024,Commuter Bus,DO,92.46,414847.0,1392.0,793229.0,Annual Total,310133.0,10055.0,38992.0
"San Joaquin Regional Transit District, dba: San Joaquin RTD","Stockton, CA",85087,2024,Bus,DO,92.46,414847.0,1392.0,793229.0,Annual Total,2213858.0,184581.0,2435378.0
"Santa Clara Valley Transportation Authority, dba: Valley Transportation Authority","San Jose, CA",79039,2024,Light Rail,DO,285.48,1837446.0,346.0,1903198.0,Annual Total,2618995.0,186281.0,4723010.0
"Santa Clara Valley Transportation Authority, dba: Valley Transportation Authority","San Jose, CA",79039,2024,Bus,DO,285.48,1837446.0,346.0,1903198.0,Annual Total,15510253.0,1346452.0,22433782.0
"Santa Clara Valley Transportation Authority, dba: Valley Transportation Authority","San Jose, CA",79039,2024,Bus,PT,285.48,1837446.0,346.0,1903198.0,Annual Total,173819.0,17157.0,192736.0
"Alameda-Contra Costa Transit District, dba: AC Transit","San Francisco--Oakland, CA",78904,2024,Commuter Bus,DO,513.8,3515933.0,364.0,1586454.0,Annual Total,470322.0,30745.0,536641.0
"Alameda-Contra Costa Transit District, dba: AC Transit","San Francisco--Oakland, CA",78904,2024,Bus,DO,513.8,3515933.0,364.0,1586454.0,Annual Total,16416600.0,1641773.0,33931071.0
"Alameda-Contra Costa Transit District, dba: AC Transit","San Francisco--Oakland, CA",78904,2024,Bus,PT,513.8,3515933.0,364.0,1586454.0,Annual Total,396327.0,24591.0,197510.0
"Alameda-Contra Costa Transit District, dba: AC Transit","San Francisco--Oakland, CA",78904,2024,Bus Rapid Transit,DO,513.8,3515933.0,364.0,1586454.0,Annual Total,708670.0,79549.0,4798970.0
"City and County of San Francisco, dba: San Francisco Municipal Transportation Agency","San Francisco--Oakland, CA",78904,2024,Cable Car,DO,513.8,3515933.0,49.0,843071.0,Annual Total,199513.0,93003.0,3925803.0
"City and County of San Francisco, dba: San Francisco Municipal Transportation Agency","San Francisco--Oakland, CA",78904,2024,Light Rail,DO,513.8,3515933.0,49.0,843071.0,Annual Total,4977464.0,584384.0,28230682.0
"City and County of San Francisco, dba: San Francisco Municipal Transportation Agency","San Francisco--Oakland, CA",78904,2024,Bus,DO,513.8,3515933.0,49.0,843071.0,Annual Total,13378563.0,1702426.0,77857337.0
"City and County of San Francisco, dba: San Francisco Municipal Transportation Agency","San Francisco--Oakland, CA",78904,2024,Streetcar Rail,DO,513.8,3515933.0,49.0,843071.0,Annual Total,251848.0,50275.0,3828113.0
"City and County of San Francisco, dba: San Francisco Municipal Transportation Agency","San Francisco--Oakland, CA",78904,2024,Trolleybus,DO,513.8,3515933.0,49.0,843071.0,Annual Total,5087866.0,845811.0,46447945.0
"Golden Gate Bridge, Highway and Transportation District","San Francisco--Oakland, CA",78904,2024,Ferryboat,DO,513.8,3515933.0,124.0,836630.0,Annual Total,210937.0,16699.0,1421356.0
"Golden Gate Bridge, Highway and Transportation District","San Francisco--Oakland, CA",78904,2024,Bus,DO,513.8,3515933.0,124.0,836630.0,Annual Total,2052929.0,122338.0,1432232.0
"City of Santa Rosa, dba: Santa Rosa CityBus","Santa Rosa, CA",79498,2024,Bus,DO,79.39,297329.0,51.0,174890.0,Annual Total,796922.0,71876.0,1419472.0
"City of Santa Rosa, dba: Santa Rosa CityBus","Santa Rosa, CA",79498,2024,Bus,PT,79.39,297329.0,51.0,174890.0,Annual Total,20293.0,1906.0,3754.0
"Sacramento Regional Transit District, dba: Sacramento RT","Sacramento, CA",77068,2024,Light Rail,DO,467.58,1946618.0,291.0,1364200.0,Annual Total,3605817.0,200768.0,6783370.0
"Sacramento Regional Transit District, dba: Sacramento RT","Sacramento, CA",77068,2024,Bus,DO,467.58,1946618.0,291.0,1364200.0,Annual Total,7328995.0,628617.0,9026468.0
Santa Barbara Metropolitan Transit District,"Santa Barbara, CA",79282,2024,Bus,DO,54.81,202197.0,57.0,210200.0,Annual Total,2088528.0,171457.0,4684415.0
"City of Norwalk , dba: Norwalk Transit System","Los Angeles--Long Beach--Anaheim, CA",51445,2024,Bus,DO,1636.83,12237376.0,37.0,637365.0,Annual Total,950139.0,82796.0,1140644.0
Long Beach Transit,"Los Angeles--Long Beach--Anaheim, CA",51445,2024,Bus,DO,1636.83,12237376.0,108.0,927284.0,Annual Total,6625950.0,670380.0,18481114.0
San Diego Metropolitan Transit System,"San Diego, CA",78661,2024,Commuter Bus,PT,674.72,3070300.0,902.0,2269953.0,Annual Total,207690.0,7353.0,105696.0
San Diego Metropolitan Transit System,"San Diego, CA",78661,2024,Light Rail,DO,674.72,3070300.0,902.0,2269953.0,Annual Total,12156157.0,668761.0,39649485.0
San Diego Metropolitan Transit System,"San Diego, CA",78661,2024,Bus,DO,674.72,3070300.0,902.0,2269953.0,Annual Total,9052237.0,783784.0,17819019.0
San Diego Metropolitan Transit System,"San Diego, CA",78661,2024,Bus,PT,674.72,3070300.0,902.0,2269953.0,Annual Total,11090036.0,1065808.0,17794495.0
"City of Fresno, dba: Fresno Area Express","Fresno, CA",31843,2024,Bus,DO,159.11,717589.0,154.0,591531.0,Annual Total,5361880.0,465434.0,9606251.0
"Omnitrans, dba: OMNI","Riverside--San Bernardino, CA",75340,2024,Bus,DO,608.56,2276703.0,466.0,1556579.0,Annual Total,6407218.0,477627.0,6646951.0
"Omnitrans, dba: OMNI","Riverside--San Bernardino, CA",75340,2024,Bus,PT,608.56,2276703.0,466.0,1556579.0,Annual Total,407775.0,32755.0,171888.0
North County Transit District,"San Diego, CA",78661,2024,Commuter Rail,DO,674.72,3070300.0,354.0,1011493.0,Annual Total,1603304.0,49292.0,852993.0
North County Transit District,"San Diego, CA",78661,2024,Bus,PT,674.72,3070300.0,354.0,1011493.0,Annual Total,5213436.0,429265.0,4924682.0
North County Transit District,"San Diego, CA",78661,2024,Hybrid Rail,DO,674.72,3070300.0,354.0,1011493.0,Annual Total,527408.0,23961.0,1822849.0
Riverside Transit Agency,"Riverside--San Bernardino, CA",75340,2024,Commuter Bus,DO,608.56,2276703.0,2500.0,1909017.0,Annual Total,558011.0,20827.0,185874.0
Riverside Transit Agency,"Riverside--San Bernardino, CA",75340,2024,Bus,DO,608.56,2276703.0,2500.0,1909017.0,Annual Total,4179570.0,320769.0,4471869.0
Riverside Transit Agency,"Riverside--San Bernardino, CA",75340,2024,Bus,PT,608.56,2276703.0,2500.0,1909017.0,Annual Total,1960409.0,131874.0,810022.0
"City of Phoenix, dba: Valley Metro","Phoenix--Mesa--Scottsdale, AZ",69184,2024,Bus,PT,1110.48,3976313.0,520.0,1650070.0,Annual Total,20807800.0,1699352.0,23730179.0
"City of Tucson, dba: Sun Tran","Tucson, AZ",88732,2024,Bus,PT,357.35,875441.0,335.0,788356.0,Annual Total,7316891.0,592263.0,15792573.0
"City of Tucson, dba: Sun Tran","Tucson, AZ",88732,2024,Streetcar Rail,PT,357.35,875441.0,335.0,788356.0,Annual Total,188129.0,25235.0,1671376.0
City of Glendale,"Phoenix--Mesa--Scottsdale, AZ",69184,2024,Bus,DO,1110.48,3976313.0,59.0,248267.0,Annual Total,90832.0,8249.0,65146.0
Gold Coast Transit District,"Oxnard--San Buenaventura (Ventura), CA",66673,2024,Bus,DO,76.61,376117.0,77.0,374827.0,Annual Total,2063036.0,184285.0,3530561.0
Orange County Transportation Authority,"Los Angeles--Long Beach--Anaheim, CA",51445,2024,Bus,DO,1636.83,12237376.0,435.0,2860175.0,Annual Total,10144329.0,903237.0,24433436.0
Orange County Transportation Authority,"Los Angeles--Long Beach--Anaheim, CA",51445,2024,Bus,PT,1636.83,12237376.0,435.0,2860175.0,Annual Total,6605599.0,552606.0,10526618.0
"City of Culver City, dba: Culver CityBus","Los Angeles--Long Beach--Anaheim, CA",51445,2024,Bus,DO,1636.83,12237376.0,43.0,529532.0,Annual Total,1420969.0,132020.0,2887456.0
"City of Montebello, dba: Montebello Bus Lines","Los Angeles--Long Beach--Anaheim, CA",51445,2024,Bus,DO,1636.83,12237376.0,151.0,361624.0,Annual Total,1571985.0,152359.0,2720889.0
"City of Gardena, dba: GTrans","Los Angeles--Long Beach--Anaheim, CA",51445,2024,Bus,DO,1636.83,12237376.0,88.0,816700.0,Annual Total,1274864.0,89154.0,2170007.0
"City of Commerce, dba: City of Commerce Transit","Los Angeles--Long Beach--Anaheim, CA",51445,2024,Bus,DO,1636.83,12237376.0,11.0,12997.0,Annual Total,484826.0,49220.0,551569.0
"City of Arcadia, dba: Arcadia Transit","Los Angeles--Long Beach--Anaheim, CA",51445,2024,Bus,PT,1636.83,12237376.0,11.0,56697.0,Annual Total,167370.0,15080.0,29785.0
Regional Transportation Commission of Southern Nevada,"Las Vegas--Henderson--Paradise, NV",47995,2024,Bus,PT,435.29,2196623.0,396.0,2265461.0,Annual Total,18174566.0,1444202.0,52203687.0
"City of Simi Valley, dba: Simi Valley Transit","Simi Valley, CA",82144,2024,Bus,DO,31.63,127364.0,50.0,126356.0,Annual Total,402067.0,26808.0,190162.0
City of Corona,"Riverside--San Bernardino, CA",75340,2024,Bus,PT,608.56,2276703.0,39.0,160238.0,Annual Total,182896.0,14309.0,139080.0
Yuba-Sutter Transit Authority,"Yuba City, CA",97939,2024,Commuter Bus,PT,30.0,125706.0,813.0,160271.0,Annual Total,244714.0,6375.0,43895.0
Yuba-Sutter Transit Authority,"Yuba City, CA",97939,2024,Bus,PT,30.0,125706.0,813.0,160271.0,Annual Total,498144.0,41882.0,494447.0
Monterey-Salinas Transit,"Seaside--Monterey--Pacific Grove, CA",80362,2024,Bus,DO,41.18,123495.0,163.0,430723.0,Annual Total,2217516.0,142129.0,2204401.0
Monterey-Salinas Transit,"Seaside--Monterey--Pacific Grove, CA",80362,2024,Bus,PT,41.18,123495.0,163.0,430723.0,Annual Total,771109.0,53970.0,325065.0
"Central Contra Costa Transit Authority, dba: County Connection","Concord--Walnut Creek, CA",19504,2024,Bus,DO,175.76,538583.0,274.0,627597.0,Annual Total,2221961.0,186699.0,2572370.0
"SunLine Transit Agency, dba: SunLine","Indio--Palm Desert--Palm Springs, CA",41347,2024,Bus,DO,151.82,361075.0,1120.0,474031.0,Annual Total,2660900.0,181582.0,2585788.0
"City of Santa Maria, dba: Santa Maria Regional Transit","Santa Maria, CA",79417,2024,Bus,PT,27.06,143609.0,34.0,150201.0,Annual Total,873373.0,58618.0,541331.0
Napa Valley Transportation Authority,"Napa, CA",61057,2024,Commuter Bus,PT,20.35,84619.0,45.0,138000.0,Annual Total,390112.0,13553.0,57376.0
Napa Valley Transportation Authority,"Napa, CA",61057,2024,Bus,PT,20.35,84619.0,45.0,138000.0,Annual Total,831169.0,57290.0,398093.0
"County of Sonoma , dba: Sonoma County Transit","Santa Rosa, CA",79498,2024,Bus,PT,79.39,297329.0,390.0,478152.0,Annual Total,1500696.0,94260.0,744550.0
Yolo County Transportation District,"Sacramento, CA",77068,2024,Bus,PT,467.58,1946618.0,109.0,528880.0,Annual Total,1716425.0,70729.0,579270.0
"City of Visalia  , dba: Visalia Transit","Visalia, CA",90946,2024,Commuter Bus,PT,37.7,160578.0,48.0,171732.0,Annual Total,249894.0,6520.0,23392.0
"City of Visalia  , dba: Visalia Transit","Visalia, CA",90946,2024,Bus,PT,37.7,160578.0,48.0,171732.0,Annual Total,1530011.0,103669.0,529731.0
"City of Fairfield, California, dba: FAST Transit","Fairfield, CA",28657,2024,Bus,PT,40.81,150122.0,48.0,120768.0,Annual Total,328177.0,26150.0,185764.0
Redding Area Bus Authority,"Redding, CA",73774,2024,Bus,PT,67.06,120602.0,100.0,182152.0,Annual Total,734787.0,45579.0,476326.0
"City of Laguna Beach, dba: Laguna Beach Transit","Mission Viejo--Lake Forest--Laguna Niguel, CA",57709,2024,Bus,PT,163.63,646843.0,9.0,23190.0,Annual Total,285843.0,27697.0,630488.0
Antelope Valley Transit Authority,"Palmdale--Lancaster, CA",67140,2024,Commuter Bus,PT,84.78,359559.0,1200.0,349050.0,Annual Total,643747.0,23489.0,150613.0
Antelope Valley Transit Authority,"Palmdale--Lancaster, CA",67140,2024,Bus,PT,84.78,359559.0,1200.0,349050.0,Annual Total,2298366.0,158402.0,1409391.0
"City of Scottsdale , dba: Scottsdale Trolley","Phoenix--Mesa--Scottsdale, AZ",69184,2024,Bus,PT,1110.48,3976313.0,36.0,159329.0,Annual Total,523218.0,40018.0,305847.0
"Peninsula Corridor Joint Powers Board, dba: Caltrain","San Francisco--Oakland, CA",78904,2024,Commuter Rail,PT,513.8,3515933.0,425.0,3632769.0,Annual Total,6061675.0,193884.0,7405005.0
"Regional Public Transportation Authority, dba: Valley Metro","Phoenix--Mesa--Scottsdale, AZ",69184,2024,Bus,PT,1110.48,3976313.0,503.0,2429968.0,Annual Total,12085712.0,981565.0,8477785.0
"University of California, Davis, dba: Unitrans","Davis, CA",22420,2024,Bus,DO,12.16,77034.0,11.0,70827.0,Annual Total,763955.0,73692.0,3481877.0
Livermore / Amador Valley Transit Authority,"Livermore--Pleasanton--Dublin, CA",50533,2024,Bus,PT,65.26,240381.0,40.0,236690.0,Annual Total,1492650.0,112516.0,1353810.0
Foothill Transit,"Los Angeles--Long Beach--Anaheim, CA",51445,2024,Bus,PT,1636.83,12237376.0,327.0,1515836.0,Annual Total,11515568.0,828639.0,9164170.0
City of Los Angeles,"Los Angeles--Long Beach--Anaheim, CA",51445,2024,Commuter Bus,PT,1636.83,12237376.0,465.0,4849476.0,Annual Total,2507364.0,95020.0,992531.0
City of Los Angeles,"Los Angeles--Long Beach--Anaheim, CA",51445,2024,Bus,PT,1636.83,12237376.0,465.0,4849476.0,Annual Total,7330311.0,684758.0,14512714.0
Victor Valley Transit Authority,"Victorville--Hesperia--Apple Valley, CA",90541,2024,Commuter Bus,PT,131.77,355816.0,327.0,344288.0,Annual Total,224431.0,5762.0,33564.0
Victor Valley Transit Authority,"Victorville--Hesperia--Apple Valley, CA",90541,2024,Bus,PT,131.77,355816.0,327.0,344288.0,Annual Total,3370500.0,188300.0,956966.0
"City of Lompoc, dba: City of Lompoc Transit","Lompoc, CA",51040,2024,Bus,PT,9.81,54287.0,40.0,54379.0,Annual Total,203646.0,16890.0,56451.0
"Southern California Regional Rail Authority, dba: Metrolink","Los Angeles--Long Beach--Anaheim, CA",51445,2024,Commuter Rail,PT,1636.83,12237376.0,2291.0,8341002.0,Annual Total,11346587.0,314116.0,4321271.0
"Los Angeles County Metropolitan Transportation Authority , dba: Metro","Los Angeles--Long Beach--Anaheim, CA",51445,2024,Heavy Rail,DO,1636.83,12237376.0,4632.0,10287086.0,Annual Total,5185750.0,285271.0,22841584.0
"Los Angeles County Metropolitan Transportation Authority , dba: Metro","Los Angeles--Long Beach--Anaheim, CA",51445,2024,Light Rail,DO,1636.83,12237376.0,4632.0,10287086.0,Annual Total,18473214.0,907884.0,43287009.0
"Los Angeles County Metropolitan Transportation Authority , dba: Metro","Los Angeles--Long Beach--Anaheim, CA",51445,2024,Bus,DO,1636.83,12237376.0,4632.0,10287086.0,Annual Total,64109104.0,6346045.0,218918383.0
"Los Angeles County Metropolitan Transportation Authority , dba: Metro","Los Angeles--Long Beach--Anaheim, CA",51445,2024,Bus,PT,1636.83,12237376.0,4632.0,10287086.0,Annual Total,5506607.0,474382.0,10792589.0
"Los Angeles County Metropolitan Transportation Authority , dba: Metro","Los Angeles--Long Beach--Anaheim, CA",51445,2024,Bus Rapid Transit,DO,1636.83,12237376.0,4632.0,10287086.0,Annual Total,1497281.0,98558.0,4412865.0
"City of Vacaville, dba: City Coach","Vacaville, CA",89866,2024,Bus,PT,21.59,101027.0,30.0,102526.0,Annual Total,265970.0,20287.0,196473.0
"City of San Luis Obispo, dba: SLO Transit","San Luis Obispo, CA",79147,2024,Bus,PT,14.11,56904.0,28.0,47063.0,Annual Total,375479.0,35627.0,575946.0
"Western Contra Costa Transit Authority, dba: WestCAT","San Francisco--Oakland, CA",78904,2024,Commuter Bus,PT,513.8,3515933.0,20.0,64925.0,Annual Total,382582.0,13114.0,149525.0
"Western Contra Costa Transit Authority, dba: WestCAT","San Francisco--Oakland, CA",78904,2024,Bus,PT,513.8,3515933.0,20.0,64925.0,Annual Total,932780.0,60036.0,509486.0
"City of Union City, dba: Union City Transit","San Francisco--Oakland, CA",78904,2024,Bus,PT,513.8,3515933.0,18.0,66432.0,Annual Total,584256.0,41814.0,269375.0
"The Eastern Contra Costa Transit Authority, dba: Tri Delta Transit","Antioch, CA",2683,2024,Bus,PT,73.35,326205.0,225.0,333700.0,Annual Total,1942797.0,153047.0,1129025.0
"City of Camarillo, dba: Camarillo Area Transit","Camarillo, CA",12754,2024,Bus,PT,22.48,76338.0,20.0,72974.0,Annual Total,71581.0,5266.0,28517.0
Ventura County Transportation Commission,"Oxnard--San Buenaventura (Ventura), CA",66673,2024,Commuter Bus,PT,76.61,376117.0,28.0,209877.0,Annual Total,1330150.0,60820.0,395295.0
Ventura County Transportation Commission,"Oxnard--San Buenaventura (Ventura), CA",66673,2024,Bus,PT,76.61,376117.0,28.0,209877.0,Annual Total,117906.0,6461.0,40930.0
"City of Thousand Oaks, dba: Thousand Oaks Transit","Thousand Oaks, CA",87490,2024,Bus,PT,80.2,213986.0,167.0,415154.0,Annual Total,343902.0,22419.0,154287.0
City of Roseville,"Sacramento, CA",77068,2024,Commuter Bus,PT,467.58,1946618.0,43.0,162674.0,Annual Total,103486.0,4840.0,30494.0
City of Roseville,"Sacramento, CA",77068,2024,Bus,PT,467.58,1946618.0,43.0,162674.0,Annual Total,410779.0,32254.0,125585.0
"City of Santa Clarita, dba: Santa Clarita Transit","Santa Clarita, CA",79309,2024,Commuter Bus,PT,77.85,278031.0,89.0,294090.0,Annual Total,548962.0,20303.0,198614.0
"City of Santa Clarita, dba: Santa Clarita Transit","Santa Clarita, CA",79309,2024,Bus,PT,77.85,278031.0,89.0,294090.0,Annual Total,1441551.0,93263.0,1742562.0
"Transit Joint Powers Authority for Merced County, dba: Merced The Bus","Merced, CA",56251,2024,Bus,PT,43.08,150052.0,310.0,136957.0,Annual Total,1628423.0,108618.0,632718.0
"City of Lodi, dba: GrapeLine","Lodi, CA",50851,2024,Bus,PT,16.34,73090.0,16.0,68532.0,Annual Total,258568.0,21712.0,186184.0
Altamont Corridor Express,"Stockton, CA",85087,2024,Commuter Rail,PT,92.46,414847.0,28.0,4336475.0,Annual Total,1014541.0,25071.0,681351.0
"County of Placer, dba: Placer County Transit/TART","Sacramento, CA",77068,2024,Commuter Bus,DO,467.58,1946618.0,169.0,402940.0,Annual Total,48466.0,1560.0,12555.0
"County of Placer, dba: Placer County Transit/TART","Sacramento, CA",77068,2024,Bus,DO,467.58,1946618.0,169.0,402940.0,Annual Total,1038042.0,51980.0,504819.0
"County of Placer, dba: Placer County Transit/TART","Sacramento, CA",77068,2024,Bus,PT,467.58,1946618.0,169.0,402940.0,Annual Total,58835.0,3772.0,3510.0
"City of Tracy, dba: TRACER","Tracy--Mountain House, CA",88280,2024,Bus,PT,27.05,120912.0,20.0,93000.0,Annual Total,307996.0,24116.0,126944.0
"City of Madera, dba: Madera Metro","Madera, CA",52984,2024,Bus,PT,20.96,81635.0,16.0,66225.0,Annual Total,253314.0,16823.0,77213.0
Kings County Area Public Transit Agency,"Hanford, CA",36703,2024,Bus,PT,18.23,66638.0,55.0,85025.0,Annual Total,715824.0,43956.0,453224.0
"City of Turlock, dba: Turlock Transit","Turlock, CA",89083,2024,Bus,PT,16.89,79203.0,22.0,79203.0,Annual Total,331696.0,31199.0,329623.0
San Luis Obispo Regional Transit Authority,"San Luis Obispo, CA",79147,2024,Bus,DO,14.11,56904.0,380.0,282013.0,Annual Total,1196409.0,52468.0,760618.0
"Butte County Association of Governments, dba: Butte Regional Transit/B-Line","Chico, CA",16318,2024,Bus,PT,33.72,111411.0,186.0,165947.0,Annual Total,977577.0,65470.0,620752.0
"Valley Metro Rail, Inc.","Phoenix--Mesa--Scottsdale, AZ",69184,2024,Light Rail,PT,1110.48,3976313.0,47.0,500031.0,Annual Total,3064966.0,245496.0,10215129.0
"Valley Metro Rail, Inc.","Phoenix--Mesa--Scottsdale, AZ",69184,2024,Streetcar Rail,PT,1110.48,3976313.0,47.0,500031.0,Annual Total,121655.0,26299.0,793627.0
"Anaheim Transportation Network, dba: Anaheim Regional Transportation","Los Angeles--Long Beach--Anaheim, CA",51445,2024,Bus,PT,1636.83,12237376.0,50.0,358000.0,Annual Total,1092042.0,163179.0,8578126.0
"City of Petaluma, dba: Petaluma Transit","Petaluma, CA",68887,2024,Bus,PT,20.96,65227.0,14.0,58489.0,Annual Total,229753.0,19925.0,272852.0
"City of Redondo Beach, dba: Beach Cities Transit","Los Angeles--Long Beach--Anaheim, CA",51445,2024,Bus,PT,1636.83,12237376.0,13.0,67233.0,Annual Total,360223.0,33945.0,250007.0
Carson Area Metropolitan Planning Organization,"Carson City, NV",14158,2024,Bus,PT,26.19,61629.0,26.0,58639.0,Annual Total,171025.0,14777.0,121380.0
"County of Sacramento Municipal Services Agency, dba: South County Transit","Sacramento, CA",77068,2024,Commuter Bus,PT,467.58,1946618.0,551.0,2083464.0,Annual Total,273051.0,9179.0,25938.0
"County of Sacramento Municipal Services Agency, dba: South County Transit","Sacramento, CA",77068,2024,Bus,PT,467.58,1946618.0,551.0,2083464.0,Annual Total,73543.0,2365.0,2548.0
"City of Manteca, dba: Manteca Transit","Manteca, CA",54145,2024,Bus,PT,20.47,86674.0,21.0,83897.0,Annual Total,193376.0,15061.0,69384.0
"Northern Arizona Intergovernmental Public Transportation Authority, dba: Mountain Line","Flagstaff, AZ",29818,2024,Bus,DO,29.26,79842.0,29.0,79802.0,Annual Total,875371.0,72131.0,1630830.0
"Paratransit, Inc.","Sacramento, CA",77068,2024,Bus,DO,467.58,1946618.0,190.0,1578938.0,Annual Total,9299.0,1001.0,2242.0
"San Francisco Bay Area Water Emergency Transportation Authority, dba: San Francisco Bay Ferry","San Francisco--Oakland, CA",78904,2024,Ferryboat,PT,513.8,3515933.0,127.0,345375.0,Annual Total,529247.0,27808.0,2388379.0
Imperial County Transportation Commission,"El Centro, CA",26405,2024,Bus,PT,19.35,74376.0,425.0,179476.0,Annual Total,832789.0,39267.0,874385.0
"City of Moorpark, dba: Moorpark City Transit","Thousand Oaks, CA",87490,2024,Bus,PT,80.2,213986.0,12.0,35975.0,Annual Total,81106.0,5783.0,37409.0
"El Dorado County Transit Authority, dba: El Dorado Transit","Sacramento, CA",77068,2024,Commuter Bus,DO,467.58,1946618.0,1719.0,148614.0,Annual Total,114743.0,3746.0,27593.0
"El Dorado County Transit Authority, dba: El Dorado Transit","Sacramento, CA",77068,2024,Bus,DO,467.58,1946618.0,1719.0,148614.0,Annual Total,436337.0,23097.0,127400.0
"Solano County Transit, dba: SolTrans","Vallejo, CA",90028,2024,Commuter Bus,PT,39.64,175132.0,65.0,149236.0,Annual Total,1261193.0,44420.0,491870.0
"Solano County Transit, dba: SolTrans","Vallejo, CA",90028,2024,Bus,PT,39.64,175132.0,65.0,149236.0,Annual Total,504983.0,41668.0,461550.0
"Yuma County Intergovernmental Public Transportation Authority, dba: Yuma County Area Transit","Yuma, AZ--CA",98020,2024,Bus,PT,52.96,135717.0,78.0,203881.0,Annual Total,742870.0,35200.0,415790.0
"Marin County Transit District, dba: Marin Transit","San Francisco--Oakland, CA",78904,2024,Bus,PT,513.8,3515933.0,520.0,262321.0,Annual Total,2512741.0,181316.0,2823735.0
"County of Kaua'i, dba: Kaua'i Bus",,,2024,Bus,DO,0.0,,,,Annual Total,988670.0,58707.0,529237.0
"City of Delano, dba: Delano Area Rapid Transit",California Non-UZA,6,2024,Bus,DO,0.0,4357850.0,50.0,53041.0,Annual Total,95851.0,8546.0,87931.0
"City of Sierra Vista, dba: Vista Transit","Sierra Vista, AZ",81901,2024,Bus,DO,28.28,54274.0,152.0,45308.0,Annual Total,46065.0,8715.0,90519.0
County of Maui,"Kahului--Wailuku, HI",43615,2024,Commuter Bus,PT,13.52,57905.0,727.0,78477.0,Annual Total,176430.0,7984.0,104787.0
County of Maui,"Kahului--Wailuku, HI",43615,2024,Bus,PT,13.52,57905.0,727.0,78477.0,Annual Total,1350083.0,96117.0,1171829.0
"City of Alhambra, dba: Alhambra Community Transit","Los Angeles--Long Beach--Anaheim, CA",51445,2024,Bus,PT,1636.83,12237376.0,8.0,83089.0,Annual Total,178987.0,17116.0,232580.0
"City of Avalon, dba: Avalon Transit",California Non-UZA,6,2024,Bus,PT,0.0,4357850.0,1.0,3801.0,Annual Total,21570.0,3066.0,15796.0
"City of Baldwin Park, dba: Baldwin Park Transit","Los Angeles--Long Beach--Anaheim, CA",51445,2024,Bus,PT,1636.83,12237376.0,7.0,76056.0,Annual Total,198959.0,21584.0,70849.0
City of Bell,"Los Angeles--Long Beach--Anaheim, CA",51445,2024,Bus,PT,1636.83,12237376.0,3.0,35731.0,Annual Total,33352.0,3298.0,18893.0
City of Bell Gardens,"Los Angeles--Long Beach--Anaheim, CA",51445,2024,Bus,PT,1636.83,12237376.0,2.0,42889.0,Annual Total,99031.0,9330.0,112804.0
City of Bellflower,"Los Angeles--Long Beach--Anaheim, CA",51445,2024,Bus,PT,1636.83,12237376.0,6.0,79190.0,Annual Total,68623.0,5007.0,38078.0
City of Burbank,"Los Angeles--Long Beach--Anaheim, CA",51445,2024,Bus,PT,1636.83,12237376.0,17.0,107337.0,Annual Total,232511.0,21318.0,181041.0
City of Calabasas,"Los Angeles--Long Beach--Anaheim, CA",51445,2024,Bus,PT,1636.83,12237376.0,13.0,22928.0,Annual Total,85335.0,9421.0,18233.0
City of Carson,"Los Angeles--Long Beach--Anaheim, CA",51445,2024,Bus,DO,1636.83,12237376.0,19.0,95558.0,Annual Total,27569.0,2946.0,4305.0
"City of Cerritos, dba: Cerritos Transit Services","Los Angeles--Long Beach--Anaheim, CA",51445,2024,Bus,PT,1636.83,12237376.0,9.0,49578.0,Annual Total,96604.0,7730.0,21318.0
"City of Compton  , dba: Compton Renaissance Transit Service","Los Angeles--Long Beach--Anaheim, CA",51445,2024,Bus,PT,1636.83,12237376.0,10.0,96803.0,Annual Total,181041.0,16830.0,60868.0
"City of Cudahy, dba: Cudahy Area Rapid Transit","Los Angeles--Long Beach--Anaheim, CA",51445,2024,Bus,PT,1636.83,12237376.0,1.0,24103.0,Annual Total,33212.0,3454.0,31670.0
City of Downey,"Los Angeles--Long Beach--Anaheim, CA",51445,2024,Bus,PT,1636.83,12237376.0,13.0,108816.0,Annual Total,101660.0,10079.0,51607.0
City of El Monte,"Los Angeles--Long Beach--Anaheim, CA",51445,2024,Bus,DO,1636.83,12237376.0,10.0,201889.0,Annual Total,36730.0,3941.0,26586.0
City of El Monte,"Los Angeles--Long Beach--Anaheim, CA",51445,2024,Bus,PT,1636.83,12237376.0,10.0,201889.0,Annual Total,199573.0,20757.0,237426.0
City of Glendora,"Los Angeles--Long Beach--Anaheim, CA",51445,2024,Bus,PT,1636.83,12237376.0,19.0,52558.0,Annual Total,44792.0,4915.0,11142.0
City of Huntington Park,"Los Angeles--Long Beach--Anaheim, CA",51445,2024,Bus,PT,1636.83,12237376.0,5.0,58822.0,Annual Total,123747.0,16566.0,97731.0
"City of Inglewood, dba: Inglewood Senior Center","Los Angeles--Long Beach--Anaheim, CA",51445,2024,Bus,DO,1636.83,12237376.0,15.0,191126.0,Annual Total,4357.0,423.0,412.0
"Los Angeles County, dba: LA County Public Works","Los Angeles--Long Beach--Anaheim, CA",51445,2024,Bus,PT,1636.83,12237376.0,25.0,23159.0,Annual Total,36741.0,3244.0,30187.0
Los Angeles County,"Los Angeles--Long Beach--Anaheim, CA",51445,2024,Bus,PT,1636.83,12237376.0,9.0,15500.0,Annual Total,38682.0,3684.0,20744.0
Los Angeles County,"Los Angeles--Long Beach--Anaheim, CA",51445,2024,Bus,PT,1636.83,12237376.0,8.0,126496.0,Annual Total,217273.0,26871.0,333828.0
Los Angeles County,"Los Angeles--Long Beach--Anaheim, CA",51445,2024,Bus,PT,1636.83,12237376.0,15.0,22822.0,Annual Total,43961.0,3977.0,23481.0
Los Angeles County,"Los Angeles--Long Beach--Anaheim, CA",51445,2024,Bus,PT,1636.83,12237376.0,7.0,63387.0,Annual Total,58491.0,6542.0,120622.0
Los Angeles County,"Los Angeles--Long Beach--Anaheim, CA",51445,2024,Bus,PT,1636.83,12237376.0,49.0,12358.0,Annual Total,33907.0,6180.0,19680.0
Los Angeles County,"Los Angeles--Long Beach--Anaheim, CA",51445,2024,Bus,PT,1636.83,12237376.0,16.0,27897.0,Annual Total,28500.0,3271.0,28404.0
Los Angeles County,"Los Angeles--Long Beach--Anaheim, CA",51445,2024,Bus,PT,1636.83,12237376.0,5.0,86883.0,Annual Total,193159.0,15930.0,99691.0
Los Angeles County,"Los Angeles--Long Beach--Anaheim, CA",51445,2024,Bus,PT,1636.83,12237376.0,36.0,24798.0,Annual Total,73978.0,6540.0,22927.0
"City of Lynwood, dba: Lynwood Breeze","Los Angeles--Long Beach--Anaheim, CA",51445,2024,Bus,PT,1636.83,12237376.0,5.0,66228.0,Annual Total,141788.0,16712.0,110955.0
City of Maywood,"Los Angeles--Long Beach--Anaheim, CA",51445,2024,Bus,PT,1636.83,12237376.0,2.0,27748.0,Annual Total,33101.0,2952.0,84291.0
"City of Monterey Park, dba: Spirit Bus","Los Angeles--Long Beach--Anaheim, CA",51445,2024,Bus,PT,1636.83,12237376.0,8.0,61828.0,Annual Total,271277.0,18944.0,64354.0
Palos Verdes Peninsula Transit Authority,"Los Angeles--Long Beach--Anaheim, CA",51445,2024,Bus,PT,1636.83,12237376.0,22.0,64272.0,Annual Total,264920.0,18333.0,137882.0
"City of Rosemead, dba: Rosemead Explorer/Dial-A-Ride","Los Angeles--Long Beach--Anaheim, CA",51445,2024,Bus,PT,1636.83,12237376.0,5.0,54908.0,Annual Total,111720.0,8510.0,46850.0
City of South Gate,"Los Angeles--Long Beach--Anaheim, CA",51445,2024,Bus,PT,1636.83,12237376.0,8.0,99578.0,Annual Total,118005.0,10529.0,87883.0
City of West Covina,"Los Angeles--Long Beach--Anaheim, CA",51445,2024,Bus,PT,1636.83,12237376.0,16.0,110212.0,Annual Total,136879.0,10529.0,26980.0
City of West Hollywood,"Los Angeles--Long Beach--Anaheim, CA",51445,2024,Bus,PT,1636.83,12237376.0,2.0,36854.0,Annual Total,111869.0,14856.0,52479.0
County of Ventura,"Thousand Oaks, CA",87490,2024,Bus,PT,80.2,213986.0,4.0,13987.0,Annual Total,32316.0,2602.0,36401.0
Sonoma-Marin Area Rail Transit District,"Santa Rosa, CA",79498,2024,Commuter Rail,DO,79.39,297329.0,2596.0,738668.0,Annual Total,1013842.0,36089.0,850270.0
City of Artesia,"Los Angeles--Long Beach--Anaheim, CA",51445,2024,Bus,PT,1636.83,12237376.0,2.0,16736.0,Annual Total,16434.0,2074.0,4233.0
"Santa Barbara County Association of Governments, dba: Clean Air Express","Santa Barbara, CA",79282,2024,Commuter Bus,PT,54.81,202197.0,2554.0,277350.0,Annual Total,296185.0,7107.0,105575.0
Stanislaus Regional Transit Authority,"Modesto, CA",58006,2024,Commuter Bus,PT,70.38,357301.0,1515.0,550660.0,Annual Total,346908.0,9820.0,48589.0
Stanislaus Regional Transit Authority,"Modesto, CA",58006,2024,Bus,PT,70.38,357301.0,1515.0,550660.0,Annual Total,3523767.0,222659.0,2930986.0
Tulare County Regional Transit Agency,"Visalia, CA",90946,2024,Bus,PT,37.7,160578.0,124.0,332441.0,Annual Total,1823661.0,100708.0,614019.0
"City of Clovis, dba: Clovis Transit","Fresno, CA",31843,2024,Bus,DO,159.11,717589.0,87.0,445954.0,Annual Total,289873.0,21125.0,176840.0
"Government of Guam-Guam Regional Transit Authority, dba: Guam Public Transit System","Dededo--Apotgan--Tamuning, GU",22811,2024,Bus,DO,55.16,128164.0,30.0,42660.0,Annual Total,836439.0,18573.0,53718.0
Amador Transit,,,2024,Commuter Bus,DO,0.0,,,,Annual Total,45417.0,1814.0,2476.0
Amador Transit,,,2024,Bus,DO,0.0,,,,Annual Total,156385.0,7864.0,24107.0
"City of Show Low, dba: Four Seasons Connection",,,2024,Bus,PT,0.0,,,,Annual Total,252143.0,10476.0,78899.0
Port of Administration Authority,,,2024,Ferryboat,DO,0.0,,,,Annual Total,3362.0,492.0,2686.0
"Madera County, dba: Madera County Connection","Madera, CA",52984,2024,Commuter Bus,PT,20.96,81635.0,181.0,144484.0,Annual Total,287615.0,9603.0,28687.0
"City of Ridgecrest, dba: Ridgerunner",,,2024,Bus,DO,0.0,,,,Annual Total,21271.0,1440.0,1524.0
Fresno County Rural Transit Agency,,,2024,Bus,PT,0.0,,,,Annual Total,303947.0,15351.0,49678.0
"Modoc Transportation Agency, dba: Sage Stage",,,2024,Bus,PT,0.0,,,,Annual Total,74431.0,2999.0,2411.0
"San Benito County Local Transportation Authority, dba: San Benito County Express",,,2024,Commuter Bus,PT,0.0,,,,Annual Total,222987.0,9619.0,32881.0
"San Benito County Local Transportation Authority, dba: San Benito County Express",,,2024,Bus,PT,0.0,,,,Annual Total,9030.0,835.0,3897.0
"City of Cottonwood, dba: Cottonwood Area Transit",,,2024,Bus,DO,0.0,,,,Annual Total,411422.0,20490.0,153533.0
"Mountain Area Regional Transit Authority, dba: Mountain Transit",,,2024,Commuter Bus,DO,0.0,,,,Annual Total,84937.0,3915.0,8503.0
"Mountain Area Regional Transit Authority, dba: Mountain Transit",,,2024,Bus,DO,0.0,,,,Annual Total,633271.0,44298.0,774854.0
"City of Rio Vista, dba: Rio Vista Delta Breeze",,,2024,Bus,PT,0.0,,,,Annual Total,39124.0,1933.0,2147.0
"Helping Hands Agency, Inc., dba: Express Public Transportation",,,2024,Bus,DO,0.0,,,,Annual Total,256263.0,10183.0,25860.0
"City of Arcata, dba: Arcata & Mad River Transit System",,,2024,Bus,PT,0.0,,,,Annual Total,104860.0,8213.0,88241.0
"City of Needles, dba: Needles Area Transit",,,2024,Bus,PT,0.0,,,,Annual Total,49964.0,3419.0,23174.0
"City of Arvin, dba: Arvin Transit",,,2024,Bus,DO,0.0,,,,Annual Total,116550.0,5481.0,55980.0
"City of Solvang, dba: Santa Ynez Valley Transit",,,2024,Bus,PT,0.0,,,,Annual Total,169425.0,9939.0,46441.0
"City of Auburn, dba: Auburn Transit",,,2024,Bus,DO,0.0,,,,Annual Total,16430.0,957.0,1983.0
"Trinity County, dba: Trinity Transit",,,2024,Bus,DO,0.0,,,,Annual Total,128945.0,3692.0,7464.0
Humboldt Transit Authority,,,2024,Commuter Bus,DO,0.0,,,,Annual Total,257712.0,6337.0,28565.0
Humboldt Transit Authority,,,2024,Bus,DO,0.0,,,,Annual Total,746482.0,41220.0,433490.0
"City of Bullhead, dba: Bullhead Area Transit System","Bullhead City, AZ--NV",11431,2024,Bus,DO,35.39,54396.0,28.0,41348.0,Annual Total,216720.0,14432.0,131063.0
City of Guadalupe,,,2024,Bus,PT,0.0,,,,Annual Total,137341.0,9035.0,76552.0
Northern Marianas - Commonwealth Office of Transit Authority,,,2024,Bus,DO,0.0,,,,Annual Total,108011.0,37712.0,50539.0
Mendocino Transit Authority,,,2024,Bus,DO,0.0,,,,Annual Total,489592.0,29173.0,128278.0
"County of Siskiyou, dba: Siskiyou County Transit",,,2024,Bus,DO,0.0,,,,Annual Total,287927.0,9812.0,19300.0
City of Douglas,,,2024,Bus,DO,0.0,,,,Annual Total,194991.0,9769.0,46743.0
Lake Transit Authority,,,2024,Bus,PT,0.0,,,,Annual Total,786624.0,33603.0,224521.0
Tuolumne County Transit Agency,,,2024,Bus,PT,0.0,,,,Annual Total,122226.0,7402.0,44137.0
"City of Ojai, dba: Ojai Trolley","Oxnard--San Buenaventura (Ventura), CA",66673,2024,Bus,DO,76.61,376117.0,4.0,7628.0,Annual Total,42863.0,4445.0,48315.0
"County of Kern, dba: Kern Regional Transit","Bakersfield, CA",4681,2024,Bus,PT,132.12,570235.0,906.0,155249.0,Annual Total,1694018.0,42801.0,193871.0
Eastern Sierra Transit Authority,,,2024,Commuter Bus,DO,0.0,,,,Annual Total,189887.0,4370.0,16168.0
Eastern Sierra Transit Authority,,,2024,Bus,DO,0.0,,,,Annual Total,606924.0,35605.0,883954.0
"Douglas County, dba: Douglas Area Rural Transit",,,2024,Bus,DO,0.0,,,,Annual Total,32881.0,2753.0,1458.0
"Town of Miami , dba: Copper Mountain Transit",,,2024,Bus,DO,0.0,,,,Annual Total,61662.0,5591.0,15714.0
Yosemite Area Regional Transportation System,,,2024,Bus,PT,0.0,,,,Annual Total,463980.0,18454.0,67409.0
"Southern Nevada Transit Coalition, dba: SNTC - Laughlin","Bullhead City, AZ--NV",11431,2024,Commuter Bus,DO,35.39,54396.0,89.0,8000.0,Annual Total,74642.0,2642.0,10474.0
"Southern Nevada Transit Coalition, dba: SNTC - Laughlin","Bullhead City, AZ--NV",11431,2024,Bus,DO,35.39,54396.0,89.0,8000.0,Annual Total,232835.0,12993.0,239090.0
"City of Kingman, dba: Kingman Area Regional Transit",,,2024,Bus,DO,0.0,,,,Annual Total,190725.0,14445.0,91519.0
"City of Escalon, dba: eTrans","Modesto, CA",58006,2024,Bus,PT,70.38,357301.0,3.0,7200.0,Annual Total,17299.0,864.0,934.0
"County of Hawaii, dba: Hele-On",,,2024,Commuter Bus,PT,0.0,,,,Annual Total,1932591.0,66854.0,548206.0
"County of Hawaii, dba: Hele-On",,,2024,Bus,PT,0.0,,,,Annual Total,1110993.0,54236.0,438937.0
"County of Glenn, dba: Glenn Transit Services",,,2024,Bus,PT,0.0,,,,Annual Total,149306.0,5864.0,27169.0
"Tehama County, dba: Tehama Rural Area Express",,,2024,Bus,PT,0.0,,,,Annual Total,467633.0,20905.0,144734.0
"Morongo Basin Transit Authority, dba: Basin Transit",,,2024,Commuter Bus,DO,0.0,,,,Annual Total,87128.0,3070.0,10200.0
"Morongo Basin Transit Authority, dba: Basin Transit",,,2024,Bus,DO,0.0,,,,Annual Total,465773.0,22616.0,160869.0
Tahoe Transportation District,"Lake Tahoe, CA-NV",99999,2024,Bus,DO,37.0,210000.0,73.0,150242.0,Annual Total,308276.0,19329.0,234548.0
"County of Nevada, dba: Nevada County Connects",,,2024,Bus,DO,0.0,,,,Annual Total,319317.0,17747.0,124477.0
"City of Coolidge, dba: Cotton Express/Central Arizona Regional Transit",,,2024,Bus,DO,0.0,,,,Annual Total,166337.0,9538.0,21890.0
Redwood Coast Transit Authority,,,2024,Bus,PT,0.0,,,,Annual Total,128063.0,7093.0,60253.0
Lassen Transit Service Agency,,,2024,Commuter Bus,PT,0.0,,,,Annual Total,134262.0,3648.0,15230.0
Lassen Transit Service Agency,,,2024,Bus,PT,0.0,,,,Annual Total,74720.0,4761.0,48329.0
"Town of Truckee, dba: Truckee TART",,,2024,Bus,PT,0.0,,,,Annual Total,85100.0,5024.0,26850.0
"City of Maricopa, dba: Maricopa Express Transit","Maricopa, AZ",54477,2024,Bus,DO,13.2,57771.0,43.0,71022.0,Annual Total,34488.0,2160.0,8719.0
Southern Nevada Transit Coalition,,,2024,Commuter Bus,DO,0.0,,,,Annual Total,11058.0,446.0,1006.0
Southern Nevada Transit Coalition,,,2024,Bus,DO,0.0,,,,Annual Total,202482.0,12827.0,75057.0
"City of Benson, dba: Benson Area Transit",,,2024,Bus,DO,0.0,,,,Annual Total,17972.0,2617.0,6126.0
Plumas County Transportation Commission,,,2024,Bus,PT,0.0,,,,Annual Total,204729.0,6184.0,29264.0
"City of Bisbee, dba: City of Bisbee/ Bisbee Bus",,,2024,Bus,PT,0.0,,,,Annual Total,73475.0,3939.0,26792.0
Regional Transportation Authority of Pima County,"Tucson, AZ",88732,2024,Bus,PT,357.35,875441.0,9189.0,1080300.0,Annual Total,727806.0,36440.0,151579.0
"Yurok Tribe, dba: Tribe Yurok",California Non-UZA,6,2024,Ferryboat,DO,0.0,4357850.0,,,Annual Total,0.0,0.0,0.0
"Yurok Tribe, dba: Tribe Yurok",California Non-UZA,6,2024,Bus,DO,0.0,4357850.0,,,Annual Total,88928.0,3280.0,5847.0
San Carlos Apache Tribe,Arizona Non-UZA,4,2024,Bus,DO,0.0,1296856.0,,,Annual Total,435349.0,20323.0,65091.0
Chemehuevi Indian Tribe,California Non-UZA,6,2024,Ferryboat,DO,0.0,4357850.0,,,Annual Total,39655.0,7228.0,140425.0
Fallon Paiute-Shoshone Tribe,Nevada Non-UZA,32,2024,Bus,DO,0.0,399654.0,,,Annual Total,31053.0,2467.0,3877.0
"Yavapai-Apache Nation, dba: YAN Transit",Arizona Non-UZA,4,2024,Bus,DO,0.0,1296856.0,,,Annual Total,218109.0,20800.0,5934.0
White Mountain Apache Tribe,Arizona Non-UZA,4,2024,Bus,DO,0.0,1296856.0,,,Annual Total,131999.0,1848.0,22940.0
"Hopi Tribe, dba: Hopi Senom Transit",Arizona Non-UZA,4,2024,Bus,DO,0.0,1296856.0,,,Annual Total,289242.0,7523.0,12200.0
Pyramid Lake Paiute Tribe,Nevada Non-UZA,32,2024,Bus,DO,0.0,399654.0,,,Annual Total,172790.0,7468.0,5064.0
Yavapai Regional Transit,,,2024,Bus,DO,0.0,,,,Annual Total,90167.0,6738.0,15684.0
"City of Glendale, dba: Beeline Bus/Dial-A-Ride","Los Angeles--Long Beach--Anaheim, CA",51445,2024,Bus,PT,1636.83,12237376.0,39.0,224807.0,Annual Total,862472.0,99373.0,822886.0
"City of Pasadena, dba: Pasadena Transit","Los Angeles--Long Beach--Anaheim, CA",51445,2024,Bus,PT,1636.83,12237376.0,36.0,228251.0,Annual Total,724016.0,70270.0,1181435.0
Hualapai Indian Tribe,Arizona Non-UZA,4,2024,Bus,DO,0.0,1296856.0,,,Annual Total,291508.0,9391.0,74092.0
"Gila River Indian Community, dba: Gila River Transit",Arizona Non-UZA,4,2024,Bus,DO,0.0,1296856.0,,,Annual Total,22990.0,1367.0,11208.0
"Calaveras Transit Agency, dba: Calaveras Connect",,,2024,Bus,PT,0.0,,,,Annual Total,314755.0,10025.0,31299.0
"Palo Verde Valley Transit Agency, dba: RidePV",,,2024,Commuter Bus,PT,0.0,,,,Annual Total,58399.0,1544.0,9029.0
"Palo Verde Valley Transit Agency, dba: RidePV",,,2024,Bus,PT,0.0,,,,Annual Total,110950.0,7299.0,30777.0
"City of Sedona, dba: Sedona Shuttle",,,2024,Bus,DO,0.0,,,,Annual Total,155817.0,5319.0,10115.0
"Town of Payson, dba: Beeline Bus Public Transportation",,,2024,Bus,DO,0.0,,,,Annual Total,86750.0,8275.0,7785.0
"Shoshone-Paiute Tribes, dba: Shoshone-Paiute Tribes Regional Public Transit",Nevada Non-UZA,32,2024,Bus,DO,0.0,399654.0,,,Annual Total,24360.0,3160.0,285.0
